,Age,Fee,Year
170,25,150000.0,1994
227,26,1000000.0,1994
228,25,150000.0,1994
247,23,8250000.0,1994
253,29,2750000.0,1994
331,22,700000.0,1995
407,22,1500000.0,1995
422,25,1200000.0,1995
484,28,6900000.0,1995
485,28,2850000.0,1995
528,27,2000000.0,1995
537,31,50000.0,1995
551,28,2600000.0,1995
622,24,1380000.0,1996
639,24,2300000.0,1996
640,24,2000000.0,1996
691,23,9600000.0,1996
704,23,2500000.0,1996
715,24,1000000.0,1996
730,24,6500000.0,1996
731,24,3500000.0,1996
732,26,1860000.0,1996
733,29,230000.0,1996
744,24,1000000.0,1996
745,26,600000.0,1996
753,28,3450000.0,1996
754,27,2000000.0,1996
762,23,700000.0,1996
789,28,6000000.0,1996
790,24,1000000.0,1996
791,17,760000.0,1996
848,30,4600000.0,1996
849,26,3600000.0,1996
855,22,700000.0,1996
865,27,6000000.0,1996
866,22,1800000.0,1996
877,24,2000000.0,1996
878,28,1000000.0,1996
879,34,300000.0,1996
880,17,150000.0,1996
888,25,3300000.0,1996
901,27,6000000.0,1996
908,29,2600000.0,1996
916,28,4500000.0,1997
917,28,950000.0,1997
926,22,3800000.0,1997
943,26,1580000.0,1997
960,21,7500000.0,1997
961,23,7000000.0,1997
978,26,600000.0,1997
995,25,300000.0,1997
1016,24,375000.0,1997
1074,25,2000000.0,1997
1085,23,5400000.0,1997
1086,29,1800000.0,1997
1099,23,12000000.0,1997
1100,25,2500000.0,1997
1138,23,7000000.0,1997
1139,25,2000000.0,1997
1140,26,1580000.0,1997
1141,28,1000000.0,1997
1148,27,8500000.0,1997
1149,28,4000000.0,1997
1150,30,2100000.0,1997
1194,17,760000.0,1997
1200,28,4300000.0,1997
1201,23,3000000.0,1997
1202,26,400000.0,1997
1211,23,1200000.0,1997
1225,28,900000.0,1997
1226,26,225000.0,1997
1227,29,100000.0,1997
1243,28,7400000.0,1997
1244,25,5500000.0,1997
1245,31,2500000.0,1997
1246,25,2500000.0,1997
1257,20,1000000.0,1997
1258,24,750000.0,1997
1274,21,7500000.0,1997
1275,27,4960000.0,1997
1285,26,26250000.0,1997
1286,26,3750000.0,1997
1287,26,3750000.0,1997
1309,23,6000000.0,1998
1310,26,3500000.0,1998
1311,25,45000.0,1998
1355,29,500000.0,1998
1371,21,6750000.0,1998
1372,23,3300000.0,1998
1383,19,3800000.0,1998
1384,20,3800000.0,1998
1385,26,3500000.0,1998
1386,23,1800000.0,1998
1392,23,6000000.0,1998
1393,26,5000000.0,1998
1425,24,7500000.0,1998
1435,23,3300000.0,1998
1440,23,3000000.0,1998
1450,23,2000000.0,1998
1451,28,120000.0,1998
1463,24,3600000.0,1998
1478,24,12400000.0,1998
1479,26,6000000.0,1998
1480,21,2000000.0,1998
1481,22,1200000.0,1998
1482,27,540000.0,1998
1495,24,6000000.0,1998
1496,20,5580000.0,1998
1497,27,3000000.0,1998
1557,26,6500000.0,1998
1558,22,3870000.0,1998
1559,22,400000.0,1998
1579,27,4000000.0,1998
1580,26,1500000.0,1998
1581,27,600000.0,1998
1592,21,6000000.0,1998
1593,29,500000.0,1998
1601,20,7000000.0,1998
1602,21,1550000.0,1998
1615,24,6000000.0,1998
1616,25,1370000.0,1998
1628,25,2400000.0,1998
1642,26,1500000.0,1998
1650,21,12500000.0,1998
1651,30,3750000.0,1998
1658,24,3500000.0,1999
1659,24,3120000.0,1999
1660,24,900000.0,1999
1684,23,3800000.0,1999
1691,24,900000.0,1999
1733,28,19000000.0,1999
1734,26,8000000.0,1999
1738,22,150000.0,1999
1751,19,500000.0,1999
1777,24,6000000.0,1999
1791,20,10600000.0,1999
1792,26,8000000.0,1999
1793,26,6800000.0,1999
1794,29,450000.0,1999
1805,31,450000.0,1999
1813,24,900000.0,1999
1828,26,7050000.0,1999
1829,27,7050000.0,1999
1830,27,6000000.0,1999
1831,17,450000.0,1999
1840,30,3070000.0,1999
1849,27,1400000.0,1999
1850,24,900000.0,1999
1888,30,3070000.0,1999
1898,26,7000000.0,1999
1899,27,6750000.0,1999
1900,30,1100000.0,1999
1912,23,3800000.0,1999
1929,28,3850000.0,1999
1949,27,375000.0,1999
1963,20,10600000.0,1999
1964,22,6000000.0,1999
1965,20,5000000.0,1999
1966,23,3500000.0,1999
1967,29,3000000.0,1999
1968,17,2000000.0,1999
1969,31,1600000.0,1999
1981,27,7000000.0,1999
1982,27,6000000.0,1999
1983,33,6000000.0,1999
1984,26,3900000.0,1999
1985,31,275000.0,1999
2003,23,8000000.0,1999
2004,20,4500000.0,1999
2005,30,1100000.0,1999
2008,26,6000000.0,1999
2009,31,750000.0,1999
2017,24,4700000.0,2000
2018,27,850000.0,2000
2026,17,200000.0,2000
2039,23,1220000.0,2000
2055,27,350000.0,2000
2079,27,2800000.0,2000
2080,31,250000.0,2000
2092,23,11000000.0,2000
2093,25,9000000.0,2000
2094,23,8000000.0,2000
2101,22,5630000.0,2000
2113,27,5000000.0,2000
2119,25,3600000.0,2000
2120,22,210000.0,2000
2145,27,6000000.0,2000
2146,25,3600000.0,2000
2147,27,1800000.0,2000
2153,25,10500000.0,2000
2154,26,6300000.0,2000
2155,22,4500000.0,2000
2156,28,4000000.0,2000
2157,21,700000.0,2000
2171,35,5300000.0,2000
2172,21,2700000.0,2000
2180,26,1500000.0,2000
2181,27,1200000.0,2000
2182,26,500000.0,2000
2193,27,9100000.0,2000
2194,31,3500000.0,2000
2195,25,3000000.0,2000
2196,27,460000.0,2000
2201,26,17500000.0,2000
2202,26,7600000.0,2000
2203,31,342000.0,2000
2216,26,1500000.0,2000
2227,21,34500000.0,2000
2228,21,10750000.0,2000
2229,27,6000000.0,2000
2230,22,5340000.0,2000
2231,28,3000000.0,2000
2232,18,2700000.0,2000
2240,23,585000.0,2000
2264,22,750000.0,2000
2265,21,750000.0,2000
2292,21,3150000.0,2000
2293,25,700000.0,2000
2310,27,2800000.0,2000
2314,26,4500000.0,2000
2315,27,1100000.0,2000
2316,20,500000.0,2000
2327,21,21300000.0,2000
2328,19,7000000.0,2000
2329,25,6500000.0,2000
2330,27,1200000.0,2000
2331,23,585000.0,2000
2332,16,305000.0,2000
2340,23,20000000.0,2000
2353,29,6860000.0,2000
2354,23,6100000.0,2000
2355,22,5000000.0,2000
2356,29,950000.0,2000
2357,19,600000.0,2000
2358,26,300000.0,2000
2369,21,10750000.0,2000
2370,26,10500000.0,2000
2371,26,9800000.0,2000
2390,23,20000000.0,2000
2391,26,10500000.0,2000
2393,23,1100000.0,2000
2403,22,23240000.0,2000
2404,29,11700000.0,2000
2405,28,7850000.0,2000
2406,23,7700000.0,2000
2416,28,12000000.0,2001
2417,22,8800000.0,2001
2418,26,7500000.0,2001
2419,25,6200000.0,2001
2420,27,17600000.0,2001
2421,21,6600000.0,2001
2422,28,4300000.0,2001
2423,27,280000.0,2001
2429,20,5340000.0,2001
2430,28,4300000.0,2001
2431,23,1800000.0,2001
2432,23,750000.0,2001
2439,24,1500000.0,2001
2457,28,2000000.0,2001
2471,21,9500000.0,2001
2472,21,5000000.0,2001
2473,23,3500000.0,2001
2474,26,1000000.0,2001
2486,26,14330000.0,2001
2488,26,950000.0,2001
2508,21,1800000.0,2001
2524,22,7000000.0,2001
2525,18,5000000.0,2001
2526,23,2280000.0,2001
2532,29,6000000.0,2001
2533,28,5250000.0,2001
2534,29,5200000.0,2001
2535,26,4190000.0000000005,2001
2536,32,2000000.0,2001
2559,23,4500000.0,2001
2560,24,65000.0,2001
2582,22,7000000.0,2001
2592,23,11500000.0,2001
2593,24,5000000.0,2001
2594,23,4000000.0,2001
2595,29,2500000.0,2001
2596,33,1800000.0,2001
2597,24,1500000.0,2001
2618,23,9300000.0,2001
2619,23,9000000.0,2001
2620,30,750000.0,2001
2652,29,5200000.0,2001
2653,25,3800000.0,2001
2658,28,12000000.0,2001
2659,24,3000000.0,2001
2668,30,370000.0,2001
2681,26,7500000.0,2001
2682,28,2000000.0,2001
2697,22,10820000.0,2001
2698,22,3800000.0,2001
2699,24,3000000.0,2001
2700,22,3000000.0,2001
2705,20,5340000.0,2001
2706,22,1650000.0,2001
2723,22,3800000.0,2001
2724,22,3000000.0,2001
2752,23,9000000.0,2001
2753,27,8500000.0,2001
2754,28,6710000.0,2001
2755,23,4500000.0,2001
2765,22,17000000.0,2001
2766,26,9750000.0,2001
2767,20,6360000.0,2001
2768,22,4200000.0,2001
2782,23,100000.0,2001
2796,37,6500000.0,2001
2816,27,700000.0,2001
2834,27,1950000.0,2001
2843,21,3900000.0,2002
2846,21,4099999.9999999995,2002
2847,25,2000000.0,2002
2850,29,9810000.0,2002
2851,22,300000.0,2002
2861,19,3000000.0,2002
2862,26,3000000.0,2002
2863,21,2000000.0,2002
2866,30,4800000.0,2002
2867,30,3730000.0,2002
2869,29,1000000.0,2002
2888,26,9000000.0,2002
2892,27,4500000.0,2002
2926,21,1000000.0,2002
2962,27,3500000.0,2002
2963,22,2000000.0,2002
2973,21,15000000.0,2002
2974,23,3750000.0,2002
2992,21,5500000.0,2002
2993,21,2000000.0,2002
3017,21,4099999.9999999995,2002
3025,27,11000000.0,2002
3026,21,1000000.0,2002
3027,23,750000.0,2002
3036,23,15000000.0,2002
3037,23,9000000.0,2002
3038,24,6000000.0,2002
3039,26,2250000.0,2002
3095,24,2500000.0,2002
3096,29,1000000.0,2002
3097,22,300000.0,2002
3104,24,6500000.0,2002
3105,28,3830000.0,2002
3106,27,3500000.0,2002
3107,26,1200000.0,2002
3117,20,5000000.0,2002
3118,25,4099999.9999999995,2002
3119,25,2610000.0,2002
3120,27,2000000.0,2002
3121,27,1500000.0,2002
3122,23,1500000.0,2002
3123,27,1120000.0,2002
3128,21,3500000.0,2002
3150,27,1400000.0,2002
3222,26,3000000.0,2002
3223,26,3000000.0,2002
3248,25,7500000.0,2002
3265,20,11700000.0,2003
3266,23,5600000.0,2003
3267,31,4200000.0,2003
3268,23,4000000.0,2003
3269,24,3000000.0,2003
3270,29,750000.0,2003
3271,32,400000.0,2003
3279,19,3200000.0,2003
3284,24,5250000.0,2003
3301,20,6000000.0,2003
3302,25,6000000.0,2003
3303,23,2500000.0,2003
3304,28,1650000.0,2003
3305,24,1600000.0,2003
3306,25,1100000.0,2003
3315,22,6000000.0,2003
3316,20,4500000.0,2003
3337,21,5000000.0,2003
3338,23,4500000.0,2003
3339,24,1500000.0,2003
3344,30,11000000.0,2003
3345,28,5500000.0,2003
3358,17,500000.0,2003
3363,20,75000.0,2003
3373,25,4000000.0,2003
3374,32,400000.0,2003
3377,26,2230000.0,2003
3378,18,1000000.0,2003
3379,28,300000.0,2003
3387,22,1800000.0,2003
3399,25,6000000.0,2003
3400,23,4000000.0,2003
3401,24,300000.0,2003
3415,28,1100000.0,2003
3425,16,300000.0,2003
3427,22,4500000.0,2003
3435,25,480000.0,2003
3459,30,11000000.0,2003
3460,24,10000000.0,2003
3461,23,6000000.0,2003
3462,25,3300000.0,2003
3463,20,3000000.0,2003
3464,26,1600000.0,2003
3469,23,32250000.0,2003
3470,26,1600000.0,2003
3471,28,700000.0,2003
3492,20,350000.0,2003
3503,20,11700000.0,2003
3504,28,1650000.0,2003
3517,19,950000.0,2003
3518,23,700000.0,2003
3525,20,1000000.0,2003
3544,21,3750000.0,2003
3545,27,1500000.0,2003
3549,23,5600000.0,2003
3550,25,480000.0,2003
3574,27,1500000.0,2003
3618,25,400000.0,2003
3646,19,3200000.0,2003
3657,24,8500000.0,2004
3658,24,8500000.0,2004
3659,20,5750000.0,2004
3660,27,3500000.0,2004
3664,25,10000000.0,2004
3665,27,8000000.0,2004
3666,31,3000000.0,2004
3667,24,1500000.0,2004
3680,28,10000000.0,2004
3681,26,10000000.0,2004
3682,23,5000000.0,2004
3683,28,2500000.0,2004
3691,26,10000000.0,2004
3692,29,3000000.0,2004
3693,27,1500000.0,2004
3694,26,1500000.0,2004
3695,30,1000000.0,2004
3712,23,10000000.0,2004
3713,24,5000000.0,2004
3714,22,3000000.0,2004
3719,26,10000000.0,2004
3720,27,8500000.0,2004
3741,23,1250000.0,2004
3742,30,1000000.0,2004
3743,20,750000.0,2004
3746,22,20000000.0,2004
3747,22,7000000.0,2004
3758,23,3000000.0,2004
3759,27,1400000.0,2004
3760,30,1000000.0,2004
3762,24,8500000.0,2004
3763,23,5000000.0,2004
3764,30,500000.0,2004
3773,24,3000000.0,2004
3774,24,3000000.0,2004
3775,22,1500000.0,2004
3776,22,700000.0,2004
3781,28,10000000.0,2004
3782,23,5000000.0,2004
3783,23,3500000.0,2004
3784,24,2300000.0,2004
3785,24,500000.0,2004
3796,25,10000000.0,2004
3797,21,6000000.0,2004
3798,23,5000000.0,2004
3799,29,3000000.0,2004
3800,22,3000000.0,2004
3801,18,1400000.0,2004
3802,18,1000000.0,2004
3803,21,700000.0,2004
3804,19,180000.0,2004
3812,26,38500000.0,2004
3813,21,6000000.0,2004
3814,26,3800000.0,2004
3815,28,3000000.0,2004
3817,20,480000.0,2004
3841,31,3000000.0,2004
3842,21,2000000.0,2004
3843,29,500000.0,2004
3851,26,9000000.0,2004
3852,26,2500000.0,2004
3853,28,1500000.0,2004
3870,21,2500000.0,2004
3871,22,1700000.0,2004
3877,22,13000000.0,2004
3891,23,650000.0,2004
3892,27,308000.0,2004
3900,24,8500000.0,2004
3901,26,2200000.0,2004
3921,24,1500000.0,2004
3922,31,800000.0,2004
3924,24,500000.0,2004
3933,25,2400000.0,2004
3934,27,1400000.0,2004
3935,28,1200000.0,2004
3955,30,500000.0,2004
3963,21,6000000.0,2004
3964,25,2000000.0,2004
3982,20,1000000.0,2004
3983,30,500000.0,2004
3990,22,1100000.0,2004
3991,28,750000.0,2004
4022,21,5000000.0,2004
4043,29,195000.0,2004
4075,26,2500000.0,2004
4121,23,1200000.0,2004
4150,22,1000000.0,2004
4151,30,500000.0,2004
4201,21,15600000.0,2005
4202,24,10100000.0,2005
4203,25,7600000.0,2005
4204,24,7500000.0,2005
4205,24,5000000.0,2005
4206,29,3800000.0,2005
4207,22,38000000.0,2005
4208,22,3400000.0,2005
4222,23,3000000.0,2005
4223,23,750000.0,2005
4224,21,650000.0,2005
4235,25,6000000.0,2005
4245,21,10000000.0,2005
4246,24,8000000.0,2005
4247,27,1500000.0,2005
4248,26,1000000.0,2005
4249,22,1000000.0,2005
4266,23,6000000.0,2005
4267,26,3000000.0,2005
4268,25,1600000.0,2005
4269,23,1200000.0,2005
4270,26,1000000.0,2005
4273,26,3000000.0,2005
4274,27,500000.0,2005
4275,23,200000.0,2005
4285,25,7000000.0,2005
4286,22,4000000.0,2005
4287,22,2500000.0,2005
4288,32,1000000.0,2005
4289,30,700000.0,2005
4300,24,7500000.0,2005
4301,22,4000000.0,2005
4302,25,1500000.0,2005
4303,26,700000.0,2005
4304,26,150000.0,2005
4329,26,3000000.0,2005
4330,24,3000000.0,2005
4331,26,2000000.0,2005
4333,21,600000.0,2005
4352,23,3000000.0,2005
4353,24,3000000.0,2005
4354,21,1000000.0,2005
4358,23,6000000.0,2005
4359,31,500000.0,2005
4374,22,5000000.0,2005
4379,27,8500000.0,2005
4380,27,6000000.0,2005
4381,19,3000000.0,2005
4390,27,8500000.0,2005
4391,31,3200000.0,2005
4392,25,3000000.0,2005
4393,24,3000000.0,2005
4394,19,500000.0,2005
4397,26,4000000.0,2005
4398,22,4000000.0,2005
4399,29,3000000.0,2005
4400,23,625000.0,2005
4401,23,500000.0,2005
4403,26,100000.0,2005
4411,24,3000000.0,2005
4412,25,2000000.0,2005
4413,20,2000000.0,2005
4414,20,500000.0,2005
4421,24,5000000.0,2005
4422,21,5000000.0,2005
4423,26,3000000.0,2005
4438,23,1500000.0,2005
4439,22,1300000.0,2005
4440,22,1000000.0,2005
4441,20,800000.0,2005
4442,22,500000.0,2005
4443,24,150000.0,2005
4444,26,150000.0,2005
4448,25,7000000.0,2005
4449,32,1000000.0,2005
4465,23,2500000.0,2005
4466,23,1000000.0,2005
4467,22,1000000.0,2005
4493,21,5000000.0,2005
4494,22,3400000.0,2005
4495,26,3000000.0,2005
4510,23,500000.0,2005
4539,21,2500000.0,2005
4540,29,1000000.0,2005
4541,23,750000.0,2005
4542,22,750000.0,2005
4543,27,480000.0,2005
4550,25,6000000.0,2005
4551,24,3000000.0,2005
4552,23,3000000.0,2005
4553,31,500000.0,2005
4566,29,600000.0,2005
4567,22,500000.0,2005
4578,23,1000000.0,2005
4605,20,2700000.0,2005
4606,23,1000000.0,2005
4607,24,1000000.0,2005
4608,28,700000.0,2005
4632,25,1100000.0,2005
4633,26,1000000.0,2005
4634,25,700000.0,2005
4635,23,200000.0,2005
4653,26,3500000.0,2005
4654,20,2000000.0,2005
4655,20,300000.0,2005
4656,22,250000.0,2005
4664,25,3000000.0,2005
4695,21,600000.0,2005
4710,23,8000000.0,2006
4711,22,7000000.0,2006
4712,25,6250000.0,2006
4713,25,4500000.0,2006
4714,26,4200000.0,2006
4716,25,26000000.0,2006
4717,21,8000000.0,2006
4718,26,5000000.0,2006
4719,25,5000000.0,2006
4720,25,1500000.0,2006
4721,21,1500000.0,2006
4722,24,200000.0,2006
4728,22,3000000.0,2006
4729,24,1600000.0,2006
4730,22,1200000.0,2006
4731,20,450000.0,2006
4732,24,4000000.0,2006
4733,22,100000.0,2006
4744,23,5500000.0,2006
4745,19,3500000.0,2006
4746,19,3000000.0,2006
4747,24,3000000.0,2006
4748,25,3000000.0,2006
4749,28,2100000.0,2006
4750,25,1500000.0,2006
4756,25,8900000.0,2006
4757,24,6800000.0,2006
4758,25,4500000.0,2006
4759,30,2000000.0,2006
4760,27,1000000.0,2006
4761,23,750000.0,2006
4778,26,4500000.0,2006
4779,28,4500000.0,2006
4780,20,2000000.0,2006
4781,28,1000000.0,2006
4784,23,8000000.0,2006
4785,19,4500000.0,2006
4786,26,4099999.9999999995,2006
4787,24,3000000.0,2006
4788,26,1600000.0,2006
4789,30,1500000.0,2006
4790,23,1500000.0,2006
4801,20,3500000.0,2006
4802,23,2500000.0,2006
4803,22,1750000.0,2006
4805,27,1000000.0,2006
4806,21,800000.0,2006
4807,35,375000.0,2006
4813,27,4000000.0,2006
4814,26,2200000.0,2006
4815,25,1500000.0,2006
4816,23,1000000.0,2006
4817,30,900000.0,2006
4818,20,275000.0,2006
4842,25,6000000.0,2006
4843,24,3000000.0,2006
4844,25,1500000.0,2006
4845,20,110000.0,2006
4853,25,12350000.0,2006
4872,21,6000000.0,2006
4873,23,4099999.9999999995,2006
4874,25,3000000.0,2006
4875,30,1500000.0,2006
4876,19,1000000.0,2006
4877,23,500000.0,2006
4878,25,200000.0,2006
4880,25,6250000.0,2006
4881,22,5000000.0,2006
4882,26,4500000.0,2006
4883,28,3000000.0,2006
4896,25,5000000.0,2006
4897,25,4000000.0,2006
4898,23,3300000.0,2006
4899,25,1300000.0,2006
4900,25,900000.0,2006
4904,26,2500000.0,2006
4905,25,2000000.0,2006
4921,26,5000000.0,2006
4922,27,4000000.0,2006
4923,23,3000000.0,2006
4924,22,2000000.0,2006
4925,30,1500000.0,2006
4926,21,1200000.0,2006
4930,23,2500000.0,2006
4931,27,2000000.0,2006
4948,23,2000000.0,2006
4949,26,2000000.0,2006
4950,19,1300000.0,2006
4958,25,6000000.0,2006
4959,27,5400000.0,2006
4960,19,3500000.0,2006
4961,22,1200000.0,2006
4962,22,1000000.0,2006
4978,20,7500000.0,2006
4979,24,4000000.0,2006
4980,26,1000000.0,2006
4981,23,500000.0,2006
4985,25,2000000.0,2006
4986,30,1500000.0,2006
4987,25,900000.0,2006
4988,27,800000.0,2006
4989,26,100000.0,2006
5002,25,5000000.0,2006
5003,23,1000000.0,2006
5004,30,900000.0,2006
5007,28,4500000.0,2006
5008,24,300000.0,2006
5018,23,9000000.0,2006
5019,32,3000000.0,2006
5037,26,3300000.0,2006
5038,26,2500000.0,2006
5039,22,1000000.0,2006
5046,22,7000000.0,2006
5072,25,2300000.0,2006
5073,26,1600000.0,2006
5074,25,1500000.0,2006
5075,19,1300000.0,2006
5076,27,800000.0,2006
5077,26,300000.0,2006
5079,20,1500000.0,2006
5080,25,1300000.0,2006
5084,22,4500000.0,2006
5085,22,1000000.0,2006
5091,25,4000000.0,2006
5092,24,3000000.0,2006
5104,25,2000000.0,2006
5105,27,1600000.0,2006
5117,28,1600000.0,2006
5164,22,750000.0,2006
5165,24,400000.0,2006
5166,32,200000.0,2006
5181,23,2000000.0,2006
5201,25,1500000.0,2006
5202,25,900000.0,2006
5203,25,800000.0,2006
5221,25,16800000.0,2007
5222,29,8700000.0,2007
5223,18,7500000.0,2007
5224,24,6800000.0,2007
5225,26,6300000.0,2007
5226,27,4300000.0,2007
5227,25,3300000.0,2007
5228,28,3200000.0,2007
5231,27,19000000.0,2007
5232,27,15000000.0,2007
5233,26,13000000.0,2007
5234,25,7400000.0,2007
5235,25,3500000.0,2007
5236,23,2400000.0,2007
5237,33,1600000.0,2007
5238,19,800000.0,2007
5240,21,300000.0,2007
5248,25,9000000.0,2007
5249,24,8000000.0,2007
5250,25,5000000.0,2007
5251,26,5000000.0,2007
5252,24,800000.0,2007
5253,19,600000.0,2007
5254,27,500000.0,2007
5255,20,400000.0,2007
5263,24,30000000.0,2007
5264,28,3000000.0,2007
5265,29,2800000.0,2007
5266,33,1200000.0,2007
5267,32,1000000.0,2007
5268,23,500000.0,2007
5287,21,4500000.0,2007
5288,25,2000000.0,2007
5289,23,1600000.0,2007
5295,23,2000000.0,2007
5296,22,250000.0,2007
5307,28,5000000.0,2007
5308,25,3500000.0,2007
5309,33,1600000.0,2007
5310,33,1200000.0,2007
5311,23,250000.0,2007
5317,25,10000000.0,2007
5318,29,7000000.0,2007
5319,23,3500000.0,2007
5320,22,1900000.0,2007
5321,29,700000.0,2007
5322,28,600000.0,2007
5323,24,400000.0,2007
5324,21,100000.0,2007
5335,26,5000000.0,2007
5336,25,3500000.0,2007
5337,28,3500000.0,2007
5338,24,3300000.0,2007
5339,26,2400000.0,2007
5340,23,2000000.0,2007
5341,24,1500000.0,2007
5342,29,1500000.0,2007
5343,31,1000000.0,2007
5347,23,6000000.0,2007
5348,18,4000000.0,2007
5349,27,4000000.0,2007
5350,30,1700000.0,2007
5351,29,1500000.0,2007
5352,24,1500000.0,2007
5366,25,7400000.0,2007
5367,23,6000000.0,2007
5368,28,3900000.0,2007
5369,24,2000000.0,2007
5370,26,1500000.0,2007
5371,24,9150000.0,2007
5372,23,8000000.0,2007
5373,23,1000000.0,2007
5374,31,750000.0,2007
5388,21,1600000.0,2007
5389,23,1500000.0,2007
5390,22,1500000.0,2007
5391,21,1200000.0,2007
5392,27,1000000.0,2007
5398,24,8000000.0,2007
5399,22,1800000.0,2007
5400,21,1000000.0,2007
5401,22,400000.0,2007
5417,28,3000000.0,2007
5418,23,3000000.0,2007
5419,30,2000000.0,2007
5420,24,1400000.0,2007
5421,25,1200000.0,2007
5422,21,1000000.0,2007
5423,25,1000000.0,2007
5424,19,800000.0,2007
5425,19,350000.0,2007
5429,21,12000000.0,2007
5430,24,9000000.0,2007
5431,26,5000000.0,2007
5432,26,5000000.0,2007
5433,28,3500000.0,2007
5434,30,1500000.0,2007
5435,23,700000.0,2007
5444,28,6000000.0,2007
5445,26,6000000.0,2007
5446,22,3500000.0,2007
5447,25,2500000.0,2007
5448,23,2400000.0,2007
5452,24,9000000.0,2007
5453,25,5000000.0,2007
5454,25,2200000.0,2007
5455,23,1500000.0,2007
5456,22,1500000.0,2007
5457,22,1500000.0,2007
5458,34,1000000.0,2007
5472,27,3000000.0,2007
5473,19,1600000.0,2007
5474,24,1200000.0,2007
5475,24,500000.0,2007
5479,25,16800000.0,2007
5480,26,10000000.0,2007
5481,24,6800000.0,2007
5482,27,2500000.0,2007
5483,26,1500000.0,2007
5484,23,900000.0,2007
5485,25,500000.0,2007
5487,22,400000.0,2007
5488,21,300000.0,2007
5489,23,150000.0,2007
5495,20,5000000.0,2007
5496,20,4000000.0,2007
5497,27,3000000.0,2007
5498,25,3000000.0,2007
5499,27,2500000.0,2007
5500,22,1500000.0,2007
5501,27,800000.0,2007
5502,21,500000.0,2007
5504,28,6000000.0,2007
5505,28,6000000.0,2007
5506,26,2400000.0,2007
5507,25,2000000.0,2007
5508,30,1500000.0,2007
5509,20,500000.0,2007
5523,29,3800000.0,2007
5524,22,1000000.0,2007
5525,28,800000.0,2007
5526,21,800000.0,2007
5527,20,650000.0,2007
5528,21,350000.0,2007
5529,19,100000.0,2007
5534,28,7500000.0,2007
5535,22,6000000.0,2007
5536,27,500000.0,2007
5537,22,250000.0,2007
5546,23,4500000.0,2007
5556,27,1200000.0,2007
5557,23,700000.0,2007
5558,23,500000.0,2007
5567,21,4500000.0,2007
5585,28,6000000.0,2007
5586,28,4000000.0,2007
5587,23,3500000.0,2007
5588,20,2500000.0,2007
5589,21,2000000.0,2007
5590,27,2000000.0,2007
5591,23,500000.0,2007
5593,26,4300000.0,2007
5594,27,3000000.0,2007
5595,29,2000000.0,2007
5596,29,1500000.0,2007
5597,21,1200000.0,2007
5598,28,800000.0,2007
5599,21,500000.0,2007
5600,22,500000.0,2007
5601,19,400000.0,2007
5613,20,850000.0,2007
5614,28,800000.0,2007
5615,29,500000.0,2007
5616,26,50000.0,2007
5625,25,3500000.0,2007
5626,24,2000000.0,2007
5627,29,1500000.0,2007
5628,27,1200000.0,2007
5629,25,800000.0,2007
5630,27,800000.0,2007
5641,25,1200000.0,2007
5642,21,1200000.0,2007
5643,27,1000000.0,2007
5644,23,900000.0,2007
5645,29,200000.0,2007
5649,26,600000.0,2007
5650,31,500000.0,2007
5659,25,500000.0,2007
5671,18,7500000.0,2007
5688,30,1000000.0,2007
5689,23,1000000.0,2007
5690,27,750000.0,2007
5697,20,400000.0,2007
5704,30,900000.0,2007
5705,25,450000.0,2007
5713,22,500000.0,2007
5714,21,500000.0,2007
5732,22,14900000.0,2008
5733,25,14000000.0,2008
5734,21,8500000.0,2008
5735,25,8400000.0,2008
5736,29,4500000.0,2008
5738,21,12000000.0,2008
5739,21,8000000.0,2008
5740,27,6500000.0,2008
5741,26,5500000.0,2008
5742,35,2000000.0,2008
5752,21,12000000.0,2008
5753,26,9000000.0,2008
5754,28,6000000.0,2008
5755,30,5000000.0,2008
5756,23,2500000.0,2008
5757,22,600000.0,2008
5758,27,500000.0,2008
5759,28,200000.0,2008
5761,25,120000.0,2008
5763,21,16000000.0,2008
5764,26,2500000.0,2008
5765,26,1500000.0,2008
5767,27,900000.0,2008
5768,24,750000.0,2008
5769,26,400000.0,2008
5770,25,100000.0,2008
5790,26,3000000.0,2008
5791,24,3000000.0,2008
5792,26,2500000.0,2008
5793,26,1300000.0,2008
5798,27,12600000.0,2008
5799,26,7000000.0,2008
5800,28,2000000.0,2008
5801,24,500000.0,2008
5802,29,400000.0,2008
5803,28,200000.0,2008
5818,22,8000000.0,2008
5819,24,2000000.0,2008
5820,25,2000000.0,2008
5821,28,2000000.0,2008
5824,25,8400000.0,2008
5825,24,3000000.0,2008
5826,23,400000.0,2008
5838,22,6500000.0,2008
5841,26,2500000.0,2008
5855,25,2500000.0,2008
5856,25,1500000.0,2008
5857,24,1000000.0,2008
5858,22,800000.0,2008
5859,24,750000.0,2008
5862,24,2700000.0,2008
5863,24,2000000.0,2008
5864,27,850000.0,2008
5880,24,2500000.0,2008
5881,27,2000000.0,2008
5882,23,1000000.0,2008
5883,24,1000000.0,2008
5884,22,950000.0,2008
5885,27,700000.0,2008
5890,27,3000000.0,2008
5901,26,2500000.0,2008
5902,23,2000000.0,2008
5903,25,700000.0,2008
5910,21,12000000.0,2008
5911,29,4500000.0,2008
5912,27,4000000.0,2008
5913,24,1000000.0,2008
5930,24,7000000.0,2008
5931,23,4000000.0,2008
5932,26,4000000.0,2008
5933,28,3000000.0,2008
5934,18,500000.0,2008
5937,25,14000000.0,2008
5938,20,3500000.0,2008
5939,24,1200000.0,2008
5940,27,1000000.0,2008
5941,33,600000.0,2008
5954,27,4000000.0,2008
5955,20,3500000.0,2008
5956,24,2000000.0,2008
5961,27,5000000.0,2008
5962,28,3000000.0,2008
5963,24,1000000.0,2008
5964,22,1000000.0,2008
5965,26,1000000.0,2008
5974,20,3500000.0,2008
5975,20,3000000.0,2008
5976,27,3000000.0,2008
5977,31,2000000.0,2008
5978,23,1500000.0,2008
5979,22,700000.0,2008
5980,26,600000.0,2008
5982,29,3200000.0,2008
5983,24,2500000.0,2008
5984,28,1700000.0,2008
5985,25,1600000.0,2008
5986,20,1500000.0,2008
5990,28,9000000.0,2008
5991,26,6000000.0,2008
5992,27,400000.0,2008
6005,21,3000000.0,2008
6028,24,8000000.0,2008
6029,32,2500000.0,2008
6033,25,8000000.0,2008
6034,22,7000000.0,2008
6035,21,5000000.0,2008
6036,19,1500000.0,2008
6049,21,8000000.0,2008
6050,24,2500000.0,2008
6051,24,2000000.0,2008
6052,19,2000000.0,2008
6053,26,1500000.0,2008
6054,24,1500000.0,2008
6055,23,1000000.0,2008
6056,28,1000000.0,2008
6057,22,750000.0,2008
6061,22,14900000.0,2008
6062,26,9000000.0,2008
6063,21,8500000.0,2008
6064,28,3000000.0,2008
6065,25,500000.0,2008
6075,24,3000000.0,2008
6076,24,1200000.0,2008
6077,27,1000000.0,2008
6078,26,1000000.0,2008
6079,21,600000.0,2008
6080,27,500000.0,2008
6081,23,500000.0,2008
6087,30,5000000.0,2008
6088,29,3200000.0,2008
6089,27,1000000.0,2008
6090,27,500000.0,2008
6091,30,500000.0,2008
6101,30,5000000.0,2008
6102,25,2000000.0,2008
6103,24,640000.0,2008
6106,22,6500000.0,2008
6107,27,700000.0,2008
6108,24,300000.0,2008
6109,22,200000.0,2008
6110,33,115000.0,2008
6118,29,400000.0,2008
6128,23,2500000.0,2008
6129,29,500000.0,2008
6146,30,3900000.0,2008
6147,24,2700000.0,2008
6148,20,2000000.0,2008
6155,28,3500000.0,2008
6156,26,1300000.0,2008
6157,23,1000000.0,2008
6158,27,500000.0,2008
6175,24,1000000.0,2008
6176,26,400000.0,2008
6177,22,75000.0,2008
6187,22,200000.0,2008
6188,21,150000.0,2008
6195,28,3000000.0,2009
6196,27,1000000.0,2009
6197,26,600000.0,2009
6198,22,350000.0,2009
6200,17,2500000.0,2009
6214,23,1000000.0,2009
6215,26,500000.0,2009
6216,24,385000.0,2009
6230,22,2150000.0,2009
6242,26,2000000.0,2009
6243,25,1750000.0,2009
6244,21,700000.0,2009
6245,23,500000.0,2009
6246,24,500000.0,2009
6252,29,500000.0,2009
6261,22,1500000.0,2009
6262,28,1000000.0,2009
6263,21,600000.0,2009
6264,27,400000.0,2009
6265,30,100000.0,2009
6286,28,1500000.0,2009
6287,26,800000.0,2009
6288,23,333000.0,2009
6296,22,6500000.0,2009
6297,23,4000000.0,2009
6307,20,2500000.0,2009
6308,24,1200000.0,2009
6309,22,1000000.0,2009
6310,26,1000000.0,2009
6315,28,4400000.0,2009
6317,29,250000.0,2009
6327,25,1700000.0,2009
6328,23,1500000.0,2009
6329,24,1500000.0,2009
6330,23,1500000.0,2009
6331,28,800000.0,2009
6339,25,4000000.0,2009
6340,30,2500000.0,2009
6341,25,2500000.0,2009
6342,34,500000.0,2009
6358,22,6500000.0,2009
6359,30,1600000.0,2009
6360,28,500000.0,2009
6364,25,18000000.0,2009
6365,27,750000.0,2009
6380,26,24000000.0,2009
6381,25,18000000.0,2009
6382,21,16200000.0,2009
6383,23,13000000.0,2009
6384,20,9000000.0,2009
6385,17,2500000.0,2009
6386,21,35000000.0,2009
6387,27,7500000.0,2009
6388,34,2500000.0,2009
6389,21,2500000.0,2009
6390,31,2000000.0,2009
6391,22,1500000.0,2009
6410,22,13500000.0,2009
6411,27,8000000.0,2009
6412,25,4000000.0,2009
6413,27,3000000.0,2009
6414,30,6500000.0,2009
6415,20,4000000.0,2009
6416,26,500000.0,2009
6426,21,4000000.0,2009
6427,23,1500000.0,2009
6428,26,1000000.0,2009
6429,29,1000000.0,2009
6431,22,8500000.0,2009
6432,22,1500000.0,2009
6433,20,200000.0,2009
6448,25,6200000.0,2009
6449,26,5000000.0,2009
6450,22,3500000.0,2009
6451,21,3000000.0,2009
6453,28,800000.0,2009
6456,23,13000000.0,2009
6457,28,1000000.0,2009
6458,27,400000.0,2009
6469,22,8500000.0,2009
6470,30,3700000.0,2009
6471,25,2500000.0,2009
6472,36,800000.0,2009
6474,30,2200000.0,2009
6475,25,1700000.0,2009
6476,30,1600000.0,2009
6478,22,200000.0,2009
6479,22,100000.0,2009
6491,21,2500000.0,2009
6492,30,1000000.0,2009
6500,27,1000000.0,2009
6501,34,400000.0,2009
6502,28,50000.0,2009
6511,23,3500000.0,2009
6512,20,2500000.0,2009
6519,27,8000000.0,2009
6520,27,3500000.0,2009
6521,26,450000.0,2009
6530,22,1500000.0,2009
6534,26,3700000.0,2009
6548,24,11000000.0,2009
6549,23,3500000.0,2009
6550,19,100000.0,2009
6553,23,12000000.0,2009
6554,25,1500000.0,2009
6555,30,152000.0,2009
6556,30,150000.0,2009
6574,28,19000000.0,2009
6575,23,12000000.0,2009
6576,30,6500000.0,2009
6577,30,2500000.0,2009
6578,31,1500000.0,2009
6579,34,400000.0,2009
6580,19,200000.0,2009
6581,30,200000.0,2009
6584,27,8000000.0,2009
6585,26,7000000.0,2009
6586,25,5800000.0,2009
6587,27,4000000.0,2009
6588,23,3000000.0,2009
6607,23,4000000.0,2009
6608,26,2500000.0,2009
6609,30,2000000.0,2009
6613,20,2500000.0,2009
6614,23,2000000.0,2009
6615,28,1500000.0,2009
6616,22,75000.0,2009
6635,23,5000000.0,2010
6636,29,3000000.0,2010
6637,23,315000.0,2010
6666,24,300000.0,2010
6667,29,200000.0,2010
6691,25,1000000.0,2010
6692,22,1000000.0,2010
6693,21,750000.0,2010
6694,23,500000.0,2010
6695,28,250000.0,2010
6696,26,200000.0,2010
6697,26,100000.0,2010
6715,22,1000000.0,2010
6716,24,800000.0,2010
6722,27,4500000.0,2010
6723,26,2500000.0,2010
6724,28,1500000.0,2010
6733,21,3000000.0,2010
6734,23,1200000.0,2010
6751,23,6500000.0,2010
6752,23,1300000.0,2010
6767,21,2500000.0,2010
6768,21,1500000.0,2010
6769,21,1000000.0,2010
6770,26,1000000.0,2010
6777,24,12500000.0,2010
6778,30,300000.0,2010
6791,28,2100000.0,2010
6792,26,200000.0,2010
6799,24,22000000.0,2010
6800,24,6000000.0,2010
6802,27,6200000.0,2010
6803,27,2500000.0,2010
6804,31,1200000.0,2010
6805,30,915000.0,2010
6811,23,2000000.0,2010
6812,27,1000000.0,2010
6813,22,800000.0,2010
6814,29,500000.0,2010
6816,26,6500000.0,2010
6817,25,6500000.0,2010
6818,22,1000000.0,2010
6829,27,4500000.0,2010
6830,22,3500000.0,2010
6831,20,1500000.0,2010
6835,24,22000000.0,2010
6850,22,3000000.0,2010
6851,30,300000.0,2010
6853,31,1500000.0,2010
6854,24,1000000.0,2010
6863,26,3000000.0,2010
6864,21,600000.0,2010
6865,28,200000.0,2010
6866,31,125000.0,2010
6871,24,2750000.0,2010
6872,23,1100000.0,2010
6887,28,5000000.0,2010
6888,27,2500000.0,2010
6889,28,1500000.0,2010
6890,26,7000000.0,2010
6901,23,1000000.0,2010
6903,31,300000.0,2010
6908,23,15500000.0,2010
6909,23,4000000.0,2010
6910,22,3500000.0,2010
6926,24,16000000.0,2010
6928,24,300000.0,2010
6937,25,3000000.0,2010
6938,24,500000.0,2010
6942,21,1500000.0,2010
6943,26,930000.0,2010
6952,26,6500000.0,2010
6953,23,5000000.0,2010
6954,23,4000000.0,2010
6955,20,2500000.0,2010
6956,31,1500000.0,2010
6957,21,1200000.0,2010
6958,22,1000000.0,2010
6959,21,500000.0,2010
6961,24,16000000.0,2010
6962,25,8000000.0,2010
6963,24,6000000.0,2010
6964,29,4000000.0,2010
6965,31,125000.0,2010
6978,24,16000000.0,2010
6979,23,15500000.0,2010
6980,20,6000000.0,2010
6981,29,4000000.0,2010
6983,30,9000000.0,2010
6984,23,6000000.0,2010
6985,28,3500000.0,2010
6987,22,800000.0,2010
6988,24,800000.0,2010
7000,24,7000000.0,2010
7001,23,1300000.0,2010
7003,22,500000.0,2010
7014,28,5000000.0,2010
7015,23,3000000.0,2010
7016,31,2500000.0,2010
7017,30,2000000.0,2010
7019,22,400000.0,2010
7020,28,200000.0,2010
7041,23,2000000.0,2011
7042,20,1800000.0,2011
7043,24,800000.0,2011
7046,27,11000000.0,2011
7047,21,11000000.0,2011
7055,21,1000000.0,2011
7056,22,500000.0,2011
7057,29,350000.0,2011
7080,20,800000.0,2011
7081,21,700000.0,2011
7082,29,500000.0,2011
7083,21,500000.0,2011
7093,23,8000000.0,2011
7103,27,2000000.0,2011
7104,22,1500000.0,2011
7105,31,800000.0,2011
7106,22,500000.0,2011
7107,21,500000.0,2011
7108,26,300000.0,2011
7109,22,250000.0,2011
7139,24,3000000.0,2011
7140,27,500000.0,2011
7141,20,500000.0,2011
7142,19,100000.0,2011
7144,27,3200000.0,2011
7145,20,1000000.0,2011
7153,26,300000.0,2011
7160,24,7500000.0,2011
7161,22,1000000.0,2011
7162,25,500000.0,2011
7172,22,2500000.0,2011
7173,25,1000000.0,2011
7174,23,900000.0,2011
7175,25,800000.0,2011
7184,28,4000000.0,2011
7185,21,2800000.0,2011
7186,31,1700000.0,2011
7187,27,400000.0,2011
7189,28,300000.0,2011
7204,22,3000000.0,2011
7205,22,2500000.0,2011
7206,24,2000000.0,2011
7207,25,2000000.0,2011
7208,20,1500000.0,2011
7209,25,100000.0,2011
7221,24,11000000.0,2011
7222,22,2500000.0,2011
7223,27,2500000.0,2011
7242,25,200000.0,2011
7262,24,9000000.0,2011
7263,23,8000000.0,2011
7264,21,1500000.0,2011
7265,30,1500000.0,2011
7266,28,1500000.0,2011
7267,18,1200000.0,2011
7268,30,500000.0,2011
7274,24,12000000.0,2011
7275,26,10000000.0,2011
7276,25,6000000.0,2011
7277,25,5000000.0,2011
7278,25,2000000.0,2011
7279,27,1000000.0,2011
7280,26,900000.0,2011
7292,25,3000000.0,2011
7293,27,1000000.0,2011
7296,30,6000000.0,2011
7297,29,5000000.0,2011
7298,29,1500000.0,2011
7311,27,2000000.0,2011
7314,30,2000000.0,2011
7326,20,2000000.0,2011
7327,20,1500000.0,2011
7328,21,1500000.0,2011
7329,21,250000.0,2011
7333,22,9000000.0,2011
7334,25,2500000.0,2011
7345,24,3000000.0,2011
7346,22,2500000.0,2011
7347,23,2000000.0,2011
7348,30,2000000.0,2011
7349,22,1800000.0,2011
7350,26,1800000.0,2011
7351,24,1500000.0,2011
7352,26,700000.0,2011
7354,28,300000.0,2011
7358,24,9000000.0,2011
7359,24,8000000.0,2011
7360,21,6000000.0,2011
7361,23,2500000.0,2011
7362,27,1900000.0,2011
7365,32,460000.0,2011
7379,22,42000000.0,2011
7380,29,11500000.0,2011
7381,24,11000000.0,2011
7382,24,8000000.0,2011
7383,24,8000000.0,2011
7384,26,8000000.0,2011
7385,29,5000000.0,2011
7386,24,3900000.0,2011
7387,30,3500000.0,2011
7388,27,3200000.0,2011
7389,30,3000000.0,2011
7392,24,6600000.0,2011
7393,26,1800000.0,2011
7394,21,500000.0,2011
7395,21,500000.0,2011
7406,25,2500000.0,2011
7407,24,2100000.0,2011
7408,25,1500000.0,2011
7409,25,1200000.0,2011
7410,25,800000.0,2011
7416,24,500000.0,2011
7417,26,100000.0,2011
7434,21,6000000.0,2011
7435,28,3800000.0,2011
7436,26,1740000.0,2011
7437,19,1300000.0,2011
7438,21,500000.0,2011
7440,22,3150000.0,2011
7441,25,1200000.0,2011
7442,29,450000.0,2011
7452,27,2000000.0,2011
7453,23,1000000.0,2011
7454,26,750000.0,2011
7460,30,2000000.0,2011
7461,30,1500000.0,2011
7475,24,6600000.0,2011
7476,28,4000000.0,2011
7477,25,3500000.0,2011
7478,31,1700000.0,2011
7479,20,1000000.0,2011
7481,21,1500000.0,2011
7482,22,1500000.0,2011
7483,24,1500000.0,2011
7484,23,1000000.0,2011
7494,29,5000000.0,2011
7495,21,3500000.0,2011
7496,27,2500000.0,2011
7516,27,3000000.0,2012
7517,25,3000000.0,2012
7518,28,2750000.0,2012
7520,25,12600000.0,2012
7521,24,6000000.0,2012
7522,20,3500000.0,2012
7523,23,3000000.0,2012
7524,29,3000000.0,2012
7525,20,1000000.0,2012
7540,23,1200000.0,2012
7541,20,400000.0,2012
7559,22,1250000.0,2012
7560,27,1200000.0,2012
7568,26,1000000.0,2012
7569,23,500000.0,2012
7582,20,1000000.0,2012
7583,21,800000.0,2012
7584,28,800000.0,2012
7585,27,500000.0,2012
7588,25,3500000.0,2012
7589,29,500000.0,2012
7596,22,1100000.0,2012
7597,24,850000.0,2012
7598,22,800000.0,2012
7599,27,600000.0,2012
7625,22,2000000.0,2012
7626,21,1200000.0,2012
7627,23,800000.0,2012
7628,19,700000.0,2012
7637,23,4000000.0,2012
7638,20,2500000.0,2012
7660,23,5000000.0,2012
7661,25,4000000.0,2012
7662,20,1000000.0,2012
7667,27,3000000.0,2012
7668,29,2000000.0,2012
7690,27,1000000.0,2012
7702,20,500000.0,2012
7713,19,2500000.0,2012
7714,29,1200000.0,2012
7715,24,750000.0,2012
7728,24,10000000.0,2012
7729,20,3500000.0,2012
7730,22,3000000.0,2012
7731,18,2700000.0,2012
7732,19,2500000.0,2012
7733,19,800000.0,2012
7736,21,35000000.0,2012
7737,27,6200000.0,2012
7753,19,2800000.0,2012
7755,26,2000000.0,2012
7756,28,1500000.0,2012
7757,21,1200000.0,2012
7758,22,800000.0,2012
7763,27,5000000.0,2012
7764,24,3500000.0,2012
7765,25,2500000.0,2012
7766,23,1500000.0,2012
7767,25,12000000.0,2012
7768,23,8000000.0,2012
7773,24,3000000.0,2012
7774,22,2000000.0,2012
7775,24,1750000.0,2012
7776,27,800000.0,2012
7782,24,10000000.0,2012
7783,24,6000000.0,2012
7784,28,750000.0,2012
7785,20,110000.0,2012
7792,25,4000000.0,2012
7793,22,500000.0,2012
7800,24,3800000.0,2012
7801,21,800000.0,2012
7829,21,4000000.0,2012
7830,20,3500000.0,2012
7840,27,42000000.0,2012
7841,20,40000000.0,2012
7842,27,30000000.0,2012
7843,30,21000000.0,2012
7844,19,12000000.0,2012
7845,24,6000000.0,2012
7847,28,2750000.0,2012
7848,28,2000000.0,2012
7862,23,3000000.0,2012
7863,20,1500000.0,2012
7864,28,1500000.0,2012
7872,24,3500000.0,2012
7873,25,3000000.0,2012
7874,26,1500000.0,2012
7875,21,400000.0,2012
7876,26,300000.0,2012
7889,26,1000000.0,2012
7896,27,5000000.0,2012
7897,22,4000000.0,2012
7898,26,2700000.0,2012
7899,23,2000000.0,2012
7907,21,4000000.0,2012
7908,23,2500000.0,2012
7909,22,2200000.0,2012
7914,22,12000000.0,2012
7915,24,3700000.0,2012
7916,25,3500000.0,2012
7917,29,3000000.0,2012
7918,23,2500000.0,2012
7919,26,1500000.0,2012
7920,32,1000000.0,2012
7929,28,3000000.0,2012
7930,22,2300000.0,2012
7931,29,2000000.0,2012
7932,25,500000.0,2012
7933,29,500000.0,2012
7934,18,400000.0,2012
7937,26,10500000.0,2012
7938,22,8800000.0,2012
7939,26,6000000.0,2012
7940,31,2500000.0,2012
7941,25,2000000.0,2012
7952,26,64500000.0,2013
7953,19,31400000.0,2013
7954,28,25000000.0,2013
7955,19,15000000.0,2013
7956,23,19000000.0,2013
7957,26,7500000.0,2013
7972,20,12000000.0,2013
7973,26,8700000.0,2013
7974,20,7500000.0,2013
7975,20,4000000.0,2013
7976,18,4000000.0,2013
7977,26,2500000.0,2013
7978,23,700000.0,2013
7979,19,500000.0,2013
7980,26,300000.0,2013
7994,29,2000000.0,2013
7995,31,1000000.0,2013
7997,23,10000000.0,2013
7998,30,7200000.0,2013
7999,29,4000000.0,2013
8000,26,3300000.0,2013
8017,24,5000000.0,2013
8018,26,5000000.0,2013
8019,26,4500000.0,2013
8020,25,1000000.0,2013
8027,19,14600000.0,2013
8028,24,13000000.0,2013
8029,22,10000000.0,2013
8030,22,5000000.0,2013
8044,24,2500000.0,2013
8045,21,450000.0,2013
8048,19,15000000.0,2013
8049,20,12000000.0,2013
8050,26,8700000.0,2013
8051,28,6300000.0,2013
8060,24,3500000.0,2013
8063,27,6500000.0,2013
8064,25,3000000.0,2013
8065,29,1500000.0,2013
8074,19,2500000.0,2013
8075,19,500000.0,2013
8080,26,5000000.0,2013
8081,20,4000000.0,2013
8082,24,3090000.0,2013
8094,22,1000000.0,2013
8095,29,800000.0,2013
8096,18,700000.0,2013
8102,23,10000000.0,2013
8103,29,2000000.0,2013
8104,30,1500000.0,2013
8105,24,1000000.0,2013
8116,21,2650000.0,2013
8117,25,2100000.0,2013
8118,22,2000000.0,2013
8119,28,2000000.0,2013
8120,21,1500000.0,2013
8121,20,1500000.0,2013
8122,23,1000000.0,2013
8123,27,800000.0,2013
8126,25,11000000.0,2013
8127,24,5000000.0,2013
8128,30,2700000.0,2013
8129,25,2000000.0,2013
8137,22,700000.0,2013
8138,23,500000.0,2013
8146,21,4000000.0,2013
8147,31,1000000.0,2013
8148,25,1000000.0,2013
8157,23,1000000.0,2013
8170,24,2200000.0,2013
8191,21,5000000.0,2013
8192,30,3000000.0,2013
8193,27,2500000.0,2013
8194,25,2000000.0,2013
8196,25,800000.0,2013
8201,22,5000000.0,2013
8202,26,4500000.0,2013
8203,23,2500000.0,2013
8204,23,2500000.0,2013
8205,22,1000000.0,2013
8206,29,800000.0,2013
8207,24,300000.0,2013
8223,26,1500000.0,2013
8224,24,1000000.0,2013
8225,23,600000.0,2013
8226,21,30000.0,2013
8238,24,1750000.0,2013
8239,24,1000000.0,2013
8240,26,400000.0,2013
8248,24,1500000.0,2013
8249,23,1000000.0,2013
8263,22,1500000.0,2013
8264,25,800000.0,2013
8265,26,300000.0,2013
8275,23,3000000.0,2013
8276,26,2500000.0,2013
8277,25,1800000.0,2013
8278,23,700000.0,2013
8279,21,500000.0,2013
8329,21,45000000.0,2013
8330,27,43000000.0,2013
8331,26,25000000.0,2013
8332,20,20000000.0,2013
8333,23,10000000.0,2013
8334,29,5000000.0,2013
8335,17,5000000.0,2013
8336,21,4000000.0,2013
8337,19,2200000.0,2013
8338,25,1500000.0,2013
8346,27,3750000.0,2013
8348,30,800000.0,2013
8375,23,700000.0,2013
8376,25,500000.0,2013
8381,20,7500000.0,2013
8392,21,1000000.0,2013
8393,26,800000.0,2013
8394,29,600000.0,2013
8395,29,600000.0,2013
8401,29,500000.0,2013
8410,19,100000.0,2014
8428,23,2000000.0,2014
8448,22,3500000.0,2014
8449,23,2000000.0,2014
8450,24,1000000.0,2014
8451,27,700000.0,2014
8452,26,500000.0,2014
8454,25,3500000.0,2014
8455,20,1000000.0,2014
8468,25,500000.0,2014
8469,26,300000.0,2014
8491,26,2000000.0,2014
8492,25,250000.0,2014
8505,26,3000000.0,2014
8521,24,1900000.0,2014
8522,25,500000.0,2014
8531,28,2500000.0,2014
8543,19,3000000.0,2014
8553,22,4000000.0,2014
8554,26,2500000.0,2014
8555,22,1000000.0,2014
8556,20,950000.0,2014
8563,22,12300000.0,2014
8564,26,6300000.0,2014
8565,31,400000.0,2014
8566,22,200000.0,2014
8582,18,2650000.0,2014
8583,22,1500000.0,2014
8584,30,1500000.0,2014
8585,20,1000000.0,2014
8586,21,500000.0,2014
8594,20,6000000.0,2014
8595,19,5000000.0,2014
8596,25,5000000.0,2014
8597,25,4500000.0,2014
8599,29,7000000.0,2014
8600,24,5000000.0,2014
8601,22,4000000.0,2014
8602,29,1000000.0,2014
8603,25,500000.0,2014
8614,23,1200000.0,2014
8615,28,1000000.0,2014
8616,25,900000.0,2014
8617,22,500000.0,2014
8627,24,5000000.0,2014
8628,18,2650000.0,2014
8645,20,15750000.0,2014
8646,24,13000000.0,2014
8647,19,8000000.0,2014
8648,20,3000000.0,2014
8654,23,75000000.0,2014
8656,24,6320000.0,2014
8657,26,200000.0,2014
8681,26,3000000.0,2014
8682,21,500000.0,2014
8683,24,500000.0,2014
8689,24,10000000.0,2014
8690,24,5900000.0,2014
8701,27,420000.0,2014
8713,24,800000.0,2014
8714,21,500000.0,2014
8719,25,4000000.0,2014
8720,22,3000000.0,2014
8721,27,400000.0,2014
8733,27,49500000.0,2014
8735,30,1500000.0,2014
8736,27,700000.0,2014
8749,24,5500000.0,2014
8759,19,3000000.0,2014
8760,27,2500000.0,2014
8761,25,2190000.0,2014
8762,25,1900000.0,2014
8763,27,1600000.0,2014
8764,25,1500000.0,2014
8765,20,1000000.0,2014
8766,25,750000.0,2014
8767,24,400000.0,2014
8768,18,300000.0,2014
8774,19,8000000.0,2014
8775,25,5000000.0,2014
8776,28,5000000.0,2014
8777,21,2500000.0,2014
8794,24,4000000.0,2014
8810,25,1200000.0,2014
8811,27,1000000.0,2014
8812,22,800000.0,2014
8817,24,13000000.0,2014
8818,27,700000.0,2014
8826,20,3000000.0,2014
8827,21,3000000.0,2014
8828,23,1800000.0,2014
8831,19,12630000.0,2014
8832,24,5300000.0,2014
8833,29,1800000.0,2014
8842,27,63000000.0,2015
8843,22,25000000.0,2015
8844,22,10000000.0,2015
8845,25,9500000.0,2015
8846,24,8600000.0,2015
8847,29,13900000.0,2015
8848,30,5500000.0,2015
8850,20,1000000.0,2015
8858,21,13100000.0,2015
8859,26,9400000.0,2015
8860,27,6000000.0,2015
8861,30,6000000.0,2015
8862,25,3200000.0,2015
8863,18,2600000.0,2015
8864,19,800000.0,2015
8866,22,14100000.0,2015
8867,27,5000000.0,2015
8868,20,3500000.0,2015
8869,21,2200000.0,2015
8870,20,1000000.0,2015
8871,23,1000000.0,2015
8879,21,15000000.0,2015
8880,20,14000000.0,2015
8881,19,12000000.0,2015
8882,23,11000000.0,2015
8883,19,9000000.0,2015
8884,24,9000000.0,2015
8885,21,6000000.0,2015
8886,18,5000000.0,2015
8887,18,5000000.0,2015
8888,19,4000000.0,2015
8889,19,4000000.0,2015
8890,20,3500000.0,2015
8892,31,1500000.0,2015
8896,19,60000000.0,2015
8897,22,36000000.0,2015
8898,22,25000000.0,2015
8899,26,22000000.0,2015
8900,21,15000000.0,2015
8901,20,7500000.0,2015
8903,23,2400000.0,2015
8904,21,500000.0,2015
8925,20,7500000.0,2015
8926,20,5000000.0,2015
8927,23,2000000.0,2015
8928,30,1500000.0,2015
8929,20,1500000.0,2015
8940,22,20000000.0,2015
8941,22,18350000.0,2015
8942,28,15000000.0,2015
8943,31,600000.0,2015
8958,24,7500000.0,2015
8959,21,3200000.0,2015
8960,21,2500000.0,2015
8961,27,2000000.0,2015
8962,25,2000000.0,2015
8963,28,2000000.0,2015
8964,18,600000.0,2015
8965,24,500000.0,2015
8971,27,10000000.0,2015
8972,18,5000000.0,2015
8973,26,4900000.0,2015
8974,28,3300000.0,2015
8984,18,5000000.0,2015
8985,20,3000000.0,2015
8986,24,2000000.0,2015
8987,19,1000000.0,2015
8990,24,11800000.0,2015
8991,25,6000000.0,2015
8992,29,3500000.0,2015
8993,24,1000000.0,2015
9003,25,1700000.0,2015
9005,22,75000.0,2015
9008,25,2000000.0,2015
9009,27,2000000.0,2015
9016,20,4000000.0,2015
9017,27,2400000.0,2015
9018,22,2000000.0,2015
9019,20,1000000.0,2015
9020,20,1000000.0,2015
9021,21,1000000.0,2015
9022,22,1000000.0,2015
9023,19,500000.0,2015
9031,20,14000000.0,2015
9032,25,9000000.0,2015
9033,26,7650000.0,2015
9034,24,2000000.0,2015
9035,27,2000000.0,2015
9036,29,600000.0,2015
9049,26,2000000.0,2015
9050,24,1500000.0,2015
9051,23,1000000.0,2015
9052,25,640000.0,2015
9058,23,10600000.0,2015
9077,24,1200000.0,2015
9078,25,750000.0,2015
9084,27,6000000.0,2015
9097,25,1500000.0,2015
9098,23,1000000.0,2015
9099,20,1000000.0,2015
9100,25,600000.0,2015
9106,21,11000000.0,2015
9107,27,2400000.0,2015
9108,18,600000.0,2015
9133,25,1700000.0,2015
9150,22,2000000.0,2015
9151,23,2000000.0,2015
9152,24,900000.0,2015
9153,29,600000.0,2015
9154,24,500000.0,2015
9155,23,50000.0,2015
9163,24,9000000.0,2015
9164,19,4000000.0,2015
9165,21,1000000.0,2015
9179,25,3000000.0,2015
9180,31,2000000.0,2015
9181,24,1000000.0,2015
9182,21,800000.0,2015
9183,32,200000.0,2015
9188,22,10000000.0,2015
9189,26,3500000.0,2015
9190,26,1500000.0,2015
9191,20,1500000.0,2015
9192,30,500000.0,2015
9193,27,500000.0,2015
9194,23,50000.0,2015
9202,29,1500000.0,2015
9203,23,900000.0,2015
9211,26,1500000.0,2015
9221,23,4730000.0,2015
9222,21,1800000.0,2015
9223,26,1500000.0,2015
9224,25,1500000.0,2015
9225,23,400000.0,2015
9229,23,12000000.0,2015
9230,26,6500000.0,2015
9244,26,2400000.0,2015
9245,27,500000.0,2015
9246,22,10000000.0,2015
9247,23,500000.0,2015
9277,25,3000000.0,2015
9278,25,1700000.0,2015
9279,32,1000000.0,2015
9280,27,200000.0,2015
9298,29,300000.0,2015
9309,19,4000000.0,2015
9310,21,1800000.0,2015
9311,24,1500000.0,2015
9345,23,36000000.0,2016
9346,20,30000000.0,2016
9347,26,27500000.0,2016
9348,23,25000000.0,2016
9349,20,10000000.0,2016
9350,24,6000000.0,2016
9352,29,35000000.0,2016
9353,22,16500000.0,2016
9354,26,8000000.0,2016
9355,21,300000.0,2016
9367,22,16000000.0,2016
9368,20,8500000.0,2016
9369,19,4099999.9999999995,2016
9372,22,25000000.0,2016
9373,24,1500000.0,2016
9374,28,800000.0,2016
9385,23,15000000.0,2016
9386,21,13000000.0,2016
9387,28,11000000.0,2016
9388,20,8500000.0,2016
9389,19,3000000.0,2016
9391,22,8000000.0,2016
9392,21,3500000.0,2016
9393,23,3500000.0,2016
9394,28,2500000.0,2016
9395,22,700000.0,2016
9420,21,5000000.0,2016
9421,32,2500000.0,2016
9422,19,2500000.0,2016
9423,22,2000000.0,2016
9424,19,1500000.0,2016
9425,24,1250000.0,2016
9426,28,500000.0,2016
9432,24,15500000.0,2016
9433,26,300000.0,2016
9451,21,7000000.0,2016
9452,28,4500000.0,2016
9453,21,3500000.0,2016
9454,19,3000000.0,2016
9455,23,2500000.0,2016
9463,22,18700000.0,2016
9464,23,15000000.0,2016
9465,20,5000000.0,2016
9466,20,3800000.0,2016
9467,27,3000000.0,2016
9468,26,1000000.0,2016
9469,21,500000.0,2016
9488,24,4000000.0,2016
9489,24,3000000.0,2016
9494,30,1000000.0,2016
9495,23,750000.0,2016
9496,28,500000.0,2016
9509,27,2500000.0,2016
9510,26,1000000.0,2016
9511,23,750000.0,2016
9517,24,8000000.0,2016
9518,24,3000000.0,2016
9528,21,2000000.0,2016
9529,23,270000.0,2016
9537,19,35000000.0,2016
9538,28,9000000.0,2016
9539,24,5000000.0,2016
9540,26,1600000.0,2016
9541,30,1500000.0,2016
9542,26,1500000.0,2016
9543,22,1200000.0,2016
9544,27,500000.0,2016
9558,23,1600000.0,2016
9559,24,1000000.0,2016
9560,23,1000000.0,2016
9561,29,800000.0,2016
9562,21,500000.0,2016
9563,23,300000.0,2016
9573,23,250000.0,2016
9587,20,2500000.0,2016
9588,26,2000000.0,2016
9589,27,2000000.0,2016
9590,24,500000.0,2016
9605,27,3000000.0,2016
9606,29,2850000.0,2016
9607,19,2500000.0,2016
9608,20,2500000.0,2016
9609,31,1000000.0,2016
9614,27,1500000.0,2016
9616,23,400000.0,2016
9629,20,1700000.0,2016
9630,24,1700000.0,2016
9631,19,1500000.0,2016
9632,23,1500000.0,2016
9639,22,12000000.0,2016
9640,24,4000000.0,2016
9641,26,2600000.0,2016
9642,29,800000.0,2016
9655,29,29300000.0,2016
9656,22,12000000.0,2016
9657,26,8000000.0,2016
9658,27,1500000.0,2016
9659,30,1200000.0,2016
9660,21,1000000.0,2016
9671,22,39000000.0,2016
9672,21,13000000.0,2016
9673,21,11000000.0,2016
9674,22,9800000.0,2016
9675,25,3600000.0,2016
9676,27,2000000.0,2016
9677,27,1590000.0,2016
9678,29,1000000.0,2016
9696,21,2000000.0,2016
9697,23,1300000.0,2016
9698,24,1100000.0,2016
9699,23,600000.0,2016
9704,29,895000.0,2016
9706,24,550000.0,2016
9707,23,500000.0,2016
9716,26,2000000.0,2016
9717,23,2000000.0,2016
9718,24,1500000.0,2016
9719,22,1200000.0,2016
9720,25,1000000.0,2016
9721,22,900000.0,2016
9727,22,20000000.0,2016
9728,22,12000000.0,2016
9729,25,150000.0,2016
9757,27,2500000.0,2016
9774,25,6000000.0,2016
9775,23,2800000.0,2016
9776,27,2000000.0,2016
9777,30,1500000.0,2016
9778,22,700000.0,2016
9784,25,9500000.0,2016
9785,27,500000.0,2016
9799,19,1500000.0,2016
9800,27,500000.0,2016
9808,21,5400000.0,2016
9809,19,3000000.0,2016
9810,19,2500000.0,2016
9817,22,1500000.0,2016
9818,23,1000000.0,2016
9819,27,400000.0,2016
9820,24,250000.0,2016
9831,24,1250000.0,2016
9859,24,775000.0,2016
9886,24,3500000.0,2017
9887,24,2000000.0,2017
9888,25,1000000.0,2017
9889,23,130000.0,2017
9902,22,6000000.0,2017
9918,22,4000000.0,2017
9919,23,3000000.0,2017
9920,21,2000000.0,2017
9921,22,2000000.0,2017
9922,20,1400000.0,2017
9930,22,18000000.0,2017
9931,24,6000000.0,2017
9932,21,2000000.0,2017
9951,26,8000000.0,2017
9952,26,7500000.0,2017
9953,23,5000000.0,2017
9954,24,4000000.0,2017
9955,23,3500000.0,2017
9956,21,3000000.0,2017
9957,29,1000000.0,2017
9958,23,600000.0,2017
9963,20,12000000.0,2017
9964,22,4000000.0,2017
9965,23,3000000.0,2017
9966,25,2750000.0,2017
9967,29,2000000.0,2017
9968,30,1500000.0,2017
9969,22,1500000.0,2017
9970,21,1000000.0,2017
9971,26,500000.0,2017
9986,22,2000000.0,2017
9987,22,1500000.0,2017
9988,25,1350000.0,2017
9989,20,1000000.0,2017
9990,18,600000.0,2017
9991,25,500000.0,2017
9996,19,6000000.0,2017
10012,25,2000000.0,2017
10013,29,1500000.0,2017
10014,22,1500000.0,2017
10015,26,500000.0,2017
10020,24,10000000.0,2017
10021,24,4000000.0,2017
10022,22,1000000.0,2017
10033,19,600000.0,2017
10034,22,550000.0,2017
10035,22,225000.0,2017
10046,23,600000.0,2017
10047,25,500000.0,2017
10048,27,350000.0,2017
10060,22,18000000.0,2017
10061,20,14000000.0,2017
10062,21,10500000.0,2017
10063,25,9000000.0,2017
10064,25,9000000.0,2017
10065,22,5000000.0,2017
10066,26,4500000.0,2017
10067,23,3500000.0,2017
10068,24,2000000.0,2017
10069,20,1000000.0,2017
10074,20,11000000.0,2017
10075,26,8000000.0,2017
10076,23,5100000.0,2017
10077,26,5000000.0,2017
10078,22,2000000.0,2017
10103,20,11000000.0,2017
10104,20,10000000.0,2017
10105,21,10000000.0,2017
10106,23,8000000.0,2017
10107,30,7500000.0,2017
10108,22,5000000.0,2017
10109,21,4000000.0,2017
10112,26,53000000.0,2017
10113,22,41500000.0,2017
10114,21,16000000.0,2017
10115,28,5000000.0,2017
10116,27,1750000.0,2017
10117,32,1500000.0,2017
10132,29,15000000.0,2017
10133,24,11000000.0,2017
10134,29,10000000.0,2017
10135,27,8000000.0,2017
10136,23,7000000.0,2017
10137,31,6000000.0,2017
10138,32,3000000.0,2017
10142,22,2500000.0,2017
10162,28,2500000.0,2017
10163,27,1100000.0,2017
10177,19,17000000.0,2017
10178,25,2700000.0,2017
10179,24,1600000.0,2017
10180,28,1300000.0,2017
10181,23,250000.0,2017
10198,22,30000000.0,2017
10199,20,25000000.0,2017
10200,16,20900000.0,2017
10201,23,15000000.0,2017
10202,27,10500000.0,2017
10203,21,10000000.0,2017
10204,23,8000000.0,2017
10205,18,3000000.0,2017
10209,23,57500000.0,2017
10210,22,50000000.0,2017
10211,22,40000000.0,2017
10212,26,22000000.0,2017
10213,20,10000000.0,2017
10214,27,8000000.0,2017
10215,21,5000000.0,2017
10216,31,3500000.0,2017
10217,21,3500000.0,2017
10232,26,2500000.0,2017
10233,28,2200000.0,2017
10234,26,1000000.0,2017
10241,22,13000000.0,2017
10242,27,7000000.0,2017
10243,24,800000.0,2017
10257,25,4500000.0,2017
10258,31,2500000.0,2017
10259,25,2300000.0,2017
10260,29,2000000.0,2017
10267,20,8000000.0,2017
10268,29,1000000.0,2017
10269,33,1000000.0,2017
10278,20,10000000.0,2017
10279,19,6000000.0,2017
10280,24,4000000.0,2017
10281,21,3500000.0,2017
10282,20,2000000.0,2017
10283,23,800000.0,2017
10288,23,21000000.0,2017
10289,25,3500000.0,2017
10290,22,3000000.0,2017
10307,25,222000000.0,2017
10308,27,16000000.0,2017
10312,25,28400000.0,2017
10313,24,25000000.0,2017
10314,30,25000000.0,2017
10315,20,16000000.0,2017
10316,24,4000000.0,2017
10326,19,17000000.0,2017
10327,28,10000000.0,2017
10328,18,8000000.0,2017
10329,18,7000000.0,2017
10330,23,3500000.0,2017
10331,25,3000000.0,2017
10332,22,3000000.0,2017
10333,25,2400000.0,2017
10336,21,10000000.0,2017
10337,28,2200000.0,2017
10338,22,1500000.0,2017
10339,26,1000000.0,2017
10340,27,750000.0,2017
10341,30,350000.0,2017
10357,24,10000000.0,2017
10358,19,5000000.0,2017
10359,26,2500000.0,2017
10360,21,1000000.0,2017
10361,19,800000.0,2017
10369,25,9000000.0,2017
10370,25,3000000.0,2017
10371,20,2000000.0,2017
10372,30,1000000.0,2017
10373,30,500000.0,2017
10391,27,1500000.0,2017
10392,25,1500000.0,2017
10393,26,1500000.0,2017
10394,20,700000.0,2017
10395,18,200000.0,2017
10403,21,3500000.0,2017
10410,26,11300000.0,2017
10411,27,800000.0,2017
10412,25,750000.0,2017
10413,24,150000.0,2017
10443,24,4000000.0,2018
10444,23,2140000.0,2018
10445,25,850000.0,2018
10454,21,8000000.0,2018
10455,25,1000000.0,2018
10456,24,1000000.0,2018
10481,20,1600000.0,2018
10482,27,1000000.0,2018
10483,24,1000000.0,2018
10484,25,800000.0,2018
10485,24,50000.0,2018
10493,25,18000000.0,2018
10494,23,3000000.0,2018
10512,20,8500000.0,2018
10513,18,5500000.0,2018
10514,21,3800000.0,2018
10515,20,1500000.0,2018
10517,18,770000.0,2018
10521,21,41000000.0,2018
10522,25,6000000.0,2018
10523,24,3000000.0,2018
10541,23,3000000.0,2018
10542,26,2700000.0,2018
10543,25,2000000.0,2018
10544,30,1500000.0,2018
10545,29,500000.0,2018
10546,29,250000.0,2018
10554,19,6500000.0,2018
10555,24,5000000.0,2018
10556,29,3000000.0,2018
10579,23,4000000.0,2018
10580,25,2000000.0,2018
10581,22,1600000.0,2018
10582,23,1600000.0,2018
10588,27,4000000.0,2018
10603,19,2500000.0,2018
10604,25,1000000.0,2018
10612,19,20200000.0,2018
10613,20,5000000.0,2018
10614,21,2500000.0,2018
10615,31,1400000.0,2018
10621,21,16800000.0,2018
10622,25,14400000.0,2018
10623,27,12000000.0,2018
10624,22,11000000.0,2018
10625,20,6000000.0,2018
10626,22,4000000.0,2018
10627,25,2000000.0,2018
10629,29,800000.0,2018
10630,30,500000.0,2018
10631,23,200000.0,2018
10639,22,22000000.0,2018
10640,23,10000000.0,2018
10641,21,8000000.0,2018
10642,18,5000000.0,2018
10643,18,1450000.0,2018
10646,25,21500000.0,2018
10647,16,20000000.0,2018
10648,21,15000000.0,2018
10649,19,10000000.0,2018
10650,24,8000000.0,2018
10651,21,8000000.0,2018
10652,28,3500000.0,2018
10653,22,2100000.0,2018
10654,22,2000000.0,2018
10663,28,25000000.0,2018
10664,21,19000000.0,2018
10665,22,12000000.0,2018
10666,24,10000000.0,2018
10668,22,24850000.0,2018
10669,28,6000000.0,2018
10670,23,2000000.0,2018
10678,22,30000000.0,2018
10679,21,20000000.0,2018
10680,16,20000000.0,2018
10681,24,14000000.0,2018
10682,29,12000000.0,2018
10683,22,11000000.0,2018
10684,23,10000000.0,2018
10685,31,9000000.0,2018
10686,26,7200000.0,2018
10687,20,6000000.0,2018
10688,21,3000000.0,2018
10689,36,2000000.0,2018
10690,18,1200000.0,2018
10697,19,180000000.0,2018
10698,22,72000000.0,2018
10699,24,45000000.0,2018
10700,24,20000000.0,2018
10701,26,14000000.0,2018
10702,24,11500000.0,2018
10703,22,10000000.0,2018
10704,31,5600000.0,2018
10706,19,2250000.0,2018
10708,22,750000.0,2018
10725,24,3000000.0,2018
10726,26,2600000.0,2018
10727,21,2000000.0,2018
10728,28,1000000.0,2018
10729,22,950000.0,2018
10730,23,600000.0,2018
10735,20,16000000.0,2018
10736,25,5000000.0,2018
10738,25,2000000.0,2018
10745,24,8250000.0,2018
10746,23,3000000.0,2018
10747,28,2000000.0,2018
10748,26,500000.0,2018
10749,28,300000.0,2018
10757,22,10000000.0,2018
10758,19,10000000.0,2018
10759,25,5000000.0,2018
10760,22,3000000.0,2018
10761,26,30000000.0,2018
10762,25,23000000.0,2018
10763,28,4000000.0,2018
10764,26,3000000.0,2018
10765,22,1700000.0,2018
10772,23,3000000.0,2018
10773,26,150000.0,2018
10789,19,180000000.0,2018
10790,24,40000000.0,2018
10791,21,37000000.0,2018
10792,25,5000000.0,2018
10795,21,40000000.0,2018
10796,29,24700000.0,2018
10797,28,24000000.0,2018
10798,20,10300000.0,2018
10799,18,5500000.0,2018
10800,20,5000000.0,2018
10813,23,4000000.0,2018
10814,22,4000000.0,2018
10815,23,3500000.0,2018
10816,27,3000000.0,2018
10817,27,1000000.0,2018
10827,22,9000000.0,2018
10828,26,2000000.0,2018
10841,22,9000000.0,2018
10842,27,4000000.0,2018
10843,22,3000000.0,2018
10844,22,2000000.0,2018
10850,21,13500000.0,2018
10851,24,5000000.0,2018
10864,27,7000000.0,2018
10865,28,6000000.0,2018
10866,22,2000000.0,2018
10871,20,6000000.0,2018
10872,24,5500000.0,2018
10873,30,4000000.0,2018
10874,22,2200000.0,2018
10875,27,1000000.0,2018
10892,26,4000000.0,2018
10893,22,4000000.0,2018
10894,28,3000000.0,2018
10895,24,2000000.0,2018
10896,20,2000000.0,2018
10897,27,750000.0,2018
10903,24,14000000.0,2018
10915,24,5000000.0,2018
10916,27,4000000.0,2018
10917,26,3000000.0,2018
10918,30,2500000.0,2018
10919,30,2000000.0,2018
10920,20,1250000.0,2018
10921,26,700000.0,2018
10925,21,25000000.0,2018
10926,19,8000000.0,2018
10927,29,1500000.0,2018
10928,19,1000000.0,2018
10944,23,6000000.0,2019
10945,28,3000000.0,2019
10946,25,2500000.0,2019
10947,24,2000000.0,2019
10948,17,2000000.0,2019
10949,22,1650000.0,2019
10951,18,300000.0,2019
10952,34,200000.0,2019
10961,25,5400000.0,2019
10962,28,35000.0,2019
10980,24,3500000.0,2019
10981,26,3000000.0,2019
10982,23,1500000.0,2019
10983,22,1500000.0,2019
10984,26,900000.0,2019
10988,21,25000000.0,2019
10989,26,9000000.0,2019
11006,23,10000000.0,2019
11007,33,5000000.0,2019
11008,26,2000000.0,2019
11014,20,35000000.0,2019
11015,20,18000000.0,2019
11016,25,6000000.0,2019
11017,19,2000000.0,2019
11018,23,750000.0,2019
11019,22,500000.0,2019
11033,22,2000000.0,2019
11034,20,2000000.0,2019
11035,21,2000000.0,2019
11036,22,1500000.0,2019
11043,32,500000.0,2019
11056,20,3500000.0,2019
11057,31,2000000.0,2019
11058,25,1500000.0,2019
11059,21,1000000.0,2019
11060,25,1000000.0,2019
11061,23,665000.0,2019
11063,24,300000.0,2019
11069,24,8000000.0,2019
11070,22,5000000.0,2019
11071,27,5000000.0,2019
11072,23,3000000.0,2019
11073,25,2000000.0,2019
11074,21,1500000.0,2019
11085,20,22400000.0,2019
11086,22,20000000.0,2019
11087,22,18500000.0,2019
11088,19,10000000.0,2019
11089,28,7000000.0,2019
11090,19,6500000.0,2019
11091,24,6000000.0,2019
11092,19,4000000.0,2019
11093,25,3000000.0,2019
11094,20,2000000.0,2019
11096,24,80000000.0,2019
11097,20,29500000.0,2019
11098,27,22000000.0,2019
11099,24,9000000.0,2019
11100,23,9000000.0,2019
11101,25,1500000.0,2019
11114,21,25000000.0,2019
11115,23,24000000.0,2019
11116,27,22000000.0,2019
11117,22,20000000.0,2019
11118,24,12000000.0,2019
11119,23,9000000.0,2019
11120,21,8000000.0,2019
11122,20,2000000.0,2019
11125,22,62000000.0,2019
11126,24,48000000.0,2019
11127,22,25000000.0,2019
11128,26,19750000.0,2019
11129,27,2000000.0,2019
11130,22,2000000.0,2019
11131,21,1000000.0,2019
11133,21,70000.0,2019
11139,29,14000000.0,2019
11140,24,13000000.0,2019
11142,24,15000000.0,2019
11143,25,6000000.0,2019
11144,32,6000000.0,2019
11145,20,250000.0,2019
11154,22,6000000.0,2019
11155,24,4000000.0,2019
11156,23,3000000.0,2019
11157,23,1000000.0,2019
11158,18,350000.0,2019
11165,26,1800000.0,2019
11166,26,800000.0,2019
11181,21,4000000.0,2019
11182,23,2000000.0,2019
11183,23,1250000.0,2019
11184,30,1000000.0,2019
11185,25,1000000.0,2019
11186,31,300000.0,2019
11187,22,300000.0,2019
11192,27,9500000.0,2019
11193,24,4500000.0,2019
11194,24,3500000.0,2019
11195,22,1500000.0,2019
11196,23,1500000.0,2019
11209,29,40000000.0,2019
11210,24,30000000.0,2019
11211,25,18000000.0,2019
11212,20,18000000.0,2019
11213,21,15000000.0,2019
11214,22,13500000.0,2019
11215,28,13500000.0,2019
11216,18,10000000.0,2019
11217,19,10000000.0,2019
11218,17,10000000.0,2019
11219,26,8000000.0,2019
11220,20,7000000.0,2019
11224,22,45000000.0,2019
11225,23,25000000.0,2019
11226,21,5500000.0,2019
11228,20,2000000.0,2019
11229,25,1500000.0,2019
11230,22,1500000.0,2019
11263,27,9500000.0,2019
11264,27,4500000.0,2019
11265,27,2800000.0,2019
11266,27,2000000.0,2019
11270,28,13500000.0,2019
11271,23,12500000.0,2019
11272,26,8000000.0,2019
11273,24,6000000.0,2019
11286,21,8000000.0,2019
11287,28,4000000.0,2019
11288,23,3000000.0,2019
11289,28,1200000.0,2019
11290,20,1000000.0,2019
11292,27,750000.0,2019
11298,26,15000000.0,2019
11299,24,13000000.0,2019
11300,27,6000000.0,2019
11301,26,3000000.0,2019
11303,26,500000.0,2019
11318,21,20500000.0,2019
11319,21,13000000.0,2019
11320,20,12500000.0,2019
11321,19,4000000.0,2019
11328,22,18000000.0,2019
11329,21,2000000.0,2019
11330,21,2000000.0,2019
11332,29,500000.0,2019
11333,22,100000.0,2019
11344,23,32000000.0,2019
11345,29,30000000.0,2019
11346,27,18000000.0,2019
11347,32,15000000.0,2019
11353,23,22000000.0,2019
11354,21,19500000.0,2019
11355,19,15000000.0,2019
11356,20,12500000.0,2019
11357,29,12000000.0,2019
11358,19,10000000.0,2019
11359,17,10000000.0,2019
11360,29,7000000.0,2019
11363,23,400000.0,2019
11371,23,5000000.0,2019
11372,21,4000000.0,2019
11373,24,4000000.0,2019
11374,19,3000000.0,2019
11375,21,3000000.0,2019
11376,21,1700000.0,2019
11382,23,10000000.0,2019
11383,24,8000000.0,2019
11384,27,7600000.0,2019
11385,28,1000000.0,2019
11400,22,21000000.0,2019
11401,24,15000000.0,2019
11402,26,9000000.0,2019
11403,27,7600000.0,2019
11404,29,4000000.0,2019
11405,20,1500000.0,2019
11412,21,30000000.0,2019
11413,24,8000000.0,2019
11414,26,7500000.0,2019
11415,28,7000000.0,2019
11416,24,2000000.0,2019
11433,24,4500000.0,2019
11434,29,3500000.0,2019
11435,19,2000000.0,2019
11436,23,2000000.0,2019
11437,26,1000000.0,2019
11438,21,450000.0,2019
11444,18,30000000.0,2019
11445,29,12000000.0,2019
11446,28,2000000.0,2019
11447,23,1000000.0,2019
11448,23,850000.0,2019
11461,24,4500000.0,2019
11462,23,2000000.0,2019
11463,21,2000000.0,2019
11464,30,1500000.0,2019
11465,25,1000000.0,2019
11467,21,15000000.0,2019
11468,29,4000000.0,2019
11469,28,2000000.0,2019
11470,26,500000.0,2019
11480,24,8000000.0,2019
11481,23,3500000.0,2019
11482,21,2500000.0,2019
11489,26,8000000.0,2019
11490,27,4500000.0,2019
11491,27,2000000.0,2019
11492,22,1650000.0,2019
11493,27,1000000.0,2019
11507,27,50000000.0,2020
11508,27,6000000.0,2020
11510,27,1500000.0,2020
11514,19,400000.0,2020
11530,18,8000000.0,2020
11531,30,4000000.0,2020
11539,26,15800000.0,2020
11540,28,8000000.0,2020
11541,20,8000000.0,2020
11551,18,26000000.0,2020
11552,24,15000000.0,2020
11553,23,12000000.0,2020
11554,27,10000000.0,2020
11555,24,4000000.0,2020
11558,28,24000000.0,2020
11559,23,18600000.0,2020
11560,27,3270000.0,2020
11561,23,3000000.0,2020
11562,21,3000000.0,2020
11564,19,1000000.0,2020
11565,18,750000.0,2020
11566,23,300000.0,2020
11580,20,27000000.0,2020
11581,20,8000000.0,2020
11582,35,5130000.0,2020
11583,18,300000.0,2020
11587,21,75000000.0,2020
11588,22,26000000.0,2020
11589,27,3000000.0,2020
11601,22,8000000.0,2020
11602,21,7000000.0,2020
11603,20,7000000.0,2020
11604,26,4000000.0,2020
11605,30,2230000.0,2020
11606,19,1000000.0,2020
11615,21,6000000.0,2020
11616,27,4000000.0,2020
11617,26,3900000.0,2020
11618,22,3500000.0,2020
11619,24,1500000.0,2020
11621,21,110000.0,2020
11640,27,4500000.0,2020
11641,23,4000000.0,2020
11642,20,2000000.0,2020
11643,22,700000.0,2020
11644,22,13000000.0,2020
11645,26,4000000.0,2020
11658,23,23440000.0,2020
11659,27,11500000.0,2020
11660,19,1850000.0,2020
11661,26,250000.0,2020
11665,25,18400000.0,2020
11666,23,12000000.0,2020
11667,20,7000000.0,2020
11668,20,4500000.0,2020
11669,24,3200000.0,2020
11670,31,2000000.0,2020
11672,34,1000000.0,2020
11686,22,6300000.0,2020
11687,26,6000000.0,2020
11688,18,800000.0,2020
11697,25,10000000.0,2020
11698,28,2000000.0,2020
11702,29,500000.0,2020
11709,21,16700000.0,2020
11710,22,13000000.0,2020
11711,28,11000000.0,2020
11712,23,8000000.0,2020
11713,19,2500000.0,2020
11716,24,4500000.0,2020
11717,32,3000000.0,2020
11719,21,1700000.0,2020
11720,19,1200000.0,2020
11721,28,680000.0,2020
11748,23,7500000.0,2020
11749,23,3000000.0,2020
11750,21,500000.0,2020
11751,22,250000.0,2020
11757,25,10000000.0,2020
11758,29,700000.0,2020
11773,23,7500000.0,2020
11774,24,5500000.0,2020
11775,29,2500000.0,2020
11776,21,1500000.0,2020
11786,24,5000000.0,2020
11791,28,1500000.0,2020
11792,27,500000.0,2020
11803,25,5000000.0,2020
11804,23,5000000.0,2020
11805,27,4000000.0,2020
11806,23,1200000.0,2020
11807,32,500000.0,2020
11808,21,400000.0,2020
11815,21,12000000.0,2020
11830,24,4500000.0,2020
11831,23,3500000.0,2020
11832,24,3000000.0,2020
11833,23,2000000.0,2020
11834,22,1000000.0,2020
11835,29,700000.0,2020
11841,25,10000000.0,2020
11861,26,4000000.0,2020
11862,19,3400000.0,2020
11863,24,3000000.0,2020
11864,27,2400000.0,2020
11865,26,2000000.0,2020
11866,21,1000000.0,2020
11874,27,10000000.0,2020
11875,24,4000000.0,2020
11876,25,2000000.0,2020
11877,31,1000000.0,2020
11889,28,4500000.0,2020
11890,23,1000000.0,2020
11898,19,35000000.0,2020
11899,23,5000000.0,2020
11900,24,3000000.0,2020
11901,22,1000000.0,2020
11902,24,100000.0,2020
11921,24,3000000.0,2020
11922,24,2900000.0,2020
11923,21,1500000.0,2020
11924,24,1500000.0,2020
11925,25,1000000.0,2020
11926,26,1000000.0,2020
11927,29,350000.0,2020
11929,20,2000000.0,2020
11930,32,500000.0,2020
11936,23,9000000.0,2020
11937,21,8000000.0,2020
11938,21,3000000.0,2020
11939,21,2500000.0,2020
11940,29,2000000.0,2020
11941,23,2000000.0,2020
11948,20,6500000.0,2020
11967,25,8500000.0,2020
11968,21,6000000.0,2020
11969,21,3500000.0,2020
11970,24,1000000.0,2020
11992,19,12600000.0,2021
11993,22,7000000.0,2021
11994,22,6000000.0,2021
11997,22,20000000.0,2021
11998,25,15400000.0,2021
11999,23,14200000.0,2021
12000,25,11500000.0,2021
12001,24,4000000.0,2021
12002,28,3000000.0,2021
12003,24,2500000.0,2021
12004,29,2100000.0,2021
12005,21,2000000.0,2021
12006,22,900000.0,2021
12007,24,500000.0,2021
12008,23,400000.0,2021
12013,22,68000000.0,2021
12014,29,16000000.0,2021
12020,21,7000000.0,2021
12037,20,17000000.0,2021
12038,20,11000000.0,2021
12039,23,11000000.0,2021
12040,21,6500000.0,2021
12042,24,15000000.0,2021
12043,24,5400000.0,2021
12044,24,4500000.0,2021
12045,21,3500000.0,2021
12046,21,2500000.0,2021
12047,19,1750000.0,2021
12048,24,1500000.0,2021
12066,23,15000000.0,2021
12067,29,6000000.0,2021
12074,24,42100000.0,2021
12075,25,17500000.0,2021
12076,24,15000000.0,2021
12077,23,11000000.0,2021
12078,30,7000000.0,2021
12079,20,3000000.0,2021
12090,24,20500000.0,2021
12091,24,13000000.0,2021
12092,22,11000000.0,2021
12093,26,4500000.0,2021
12094,19,3000000.0,2021
12096,28,500000.0,2021
12103,31,3000000.0,2021
12104,23,2500000.0,2021
12105,31,1500000.0,2021
12124,19,17000000.0,2021
12125,21,17000000.0,2021
12126,27,15000000.0,2021
12127,26,14000000.0,2021
12128,23,12000000.0,2021
12129,18,3500000.0,2021
12130,26,3000000.0,2021
12131,18,31000000.0,2021
12132,23,4000000.0,2021
12133,25,2500000.0,2021
12134,19,2000000.0,2021
12135,21,1750000.0,2021
12136,25,1500000.0,2021
12137,24,1500000.0,2021
12138,20,1150000.0,2021
12151,22,5500000.0,2021
12152,30,5000000.0,2021
12153,24,4500000.0,2021
12154,26,2300000.0,2021
12155,27,1800000.0,2021
12156,23,1500000.0,2021
12161,21,17000000.0,2021
12162,24,1000000.0,2021
12186,27,15000000.0,2021
12187,29,10000000.0,2021
12200,22,15000000.0,2021
12201,29,10000000.0,2021
12202,21,8500000.0,2021
12203,21,7000000.0,2021
12204,24,6000000.0,2021
12205,27,5500000.0,2021
12206,20,3000000.0,2021
12211,26,7650000.0,2021
12212,22,6500000.0,2021
12213,27,4000000.0,2021
12214,22,4000000.0,2021
12215,28,3900000.0,2021
12234,24,2500000.0,2021
12247,18,16900000.0,2021
12248,24,4099999.9999999995,2021
12249,23,2000000.0,2021
12250,24,500000.0,2021
12288,30,4500000.0,2021
12289,26,2000000.0,2021
12290,21,2000000.0,2021
12292,19,300000.0,2021
12303,21,8500000.0,2021
12304,24,7100000.0,2021
12305,24,3000000.0,2021
12322,21,1300000.0,2021
12323,25,500000.0,2021
12324,21,70000.0,2021
12327,20,11100000.0,2021
12328,21,7000000.0,2021
12342,22,10000000.0,2021
12343,23,4000000.0,2021
12344,22,2000000.0,2021
12349,24,12000000.0,2021
12350,21,1300000.0,2021
12351,30,1000000.0,2021
12352,20,500000.0,2021
12353,24,250000.0,2021
12364,18,1500000.0,2021
12365,24,1500000.0,2021
12366,23,1500000.0,2021
12372,21,15000000.0,2021
12373,31,1000000.0,2021
12391,22,4000000.0,2021
12392,22,3500000.0,2021
12393,24,2500000.0,2021
12394,21,500000.0,2021
12397,24,10000000.0,2021
12414,30,5000000.0,2021
12415,21,1750000.0,2021
12416,25,1500000.0,2021
12417,27,1000000.0,2021
12425,23,15000000.0,2021
12426,23,12000000.0,2021
12427,24,1200000.0,2021
12440,22,7500000.0,2021
12445,22,10000000.0,2021
12446,27,3500000.0,2021
12447,26,1600000.0,2021
12448,22,500000.0,2021
12449,30,200000.0,2021
12460,18,5000000.0,2021
12461,25,3500000.0,2021
12462,28,3300000.0,2021
12463,23,2700000.0,2021
12464,21,2500000.0,2021
12465,24,2500000.0,2021
12466,30,1000000.0,2021
12468,20,300000.0,2021
12531,22,41500000.0,2022
12532,20,38000000.0,2022
12533,26,23000000.0,2022
12534,25,18000000.0,2022
12535,24,15000000.0,2022
12536,24,12000000.0,2022
12538,20,20000000.0,2022
12539,25,12000000.0,2022
12540,29,9300000.0,2022
12541,30,5000000.0,2022
12542,32,4000000.0,2022
12543,20,3000000.0,2022
12546,22,2000000.0,2022
12572,22,32000000.0,2022
12573,29,13000000.0,2022
12574,27,12000000.0,2022
12575,24,11400000.0,2022
12576,23,11000000.0,2022
12577,24,10000000.0,2022
12578,22,8000000.0,2022
12579,28,8000000.0,2022
12580,29,7500000.0,2022
12581,19,5500000.0,2022
12591,25,15000000.0,2022
12592,25,8000000.0,2022
12593,22,7000000.0,2022
12594,28,5230000.0,2022
12595,23,1500000.0,2022
12619,27,15000000.0,2022
12620,22,15000000.0,2022
12621,25,12500000.0,2022
12624,22,80000000.0,2022
12625,21,38000000.0,2022
12626,22,22000000.0,2022
12627,21,7000000.0,2022
12628,21,4200000.0,2022
12629,28,3000000.0,2022
12630,31,2000000.0,2022
12645,22,28000000.0,2022
12646,20,20000000.0,2022
12647,22,19000000.0,2022
12648,20,9000000.0,2022
12649,21,6500000.0,2022
12655,26,35000000.0,2022
12656,20,25000000.0,2022
12657,17,20000000.0,2022
12658,28,15000000.0,2022
12675,22,22000000.0,2022
12676,28,15000000.0,2022
12677,20,13000000.0,2022
12678,21,12000000.0,2022
12679,24,11500000.0,2022
12680,19,5000000.0,2022
12682,22,2000000.0,2022
12683,35,1000000.0,2022
12690,22,28000000.0,2022
12691,29,11000000.0,2022
12692,21,5000000.0,2022
12693,21,2000000.0,2022
12694,22,2000000.0,2022
12695,21,400000.0,2022
12718,28,3000000.0,2022
12719,27,2500000.0,2022
12720,23,1500000.0,2022
12727,28,6000000.0,2022
12728,29,3900000.0,2022
12729,26,1000000.0,2022
12743,22,15390000.0,2022
12744,25,6000000.0,2022
12745,22,5000000.0,2022
12746,28,5000000.0,2022
12747,22,4000000.0,2022
12748,29,3900000.0,2022
12749,25,2300000.0,2022
12750,28,2000000.0,2022
12751,22,350000.0,2022
12754,22,22600000.0,2022
12755,20,9000000.0,2022
12756,29,7500000.0,2022
12757,23,4400000.0,2022
12758,24,4000000.0,2022
12759,25,2960000.0,2022
12760,26,1090000.0,2022
12770,21,11000000.0,2022
12771,23,10000000.0,2022
12772,19,4250000.0,2022
12773,29,4200000.0,2022
12774,33,2000000.0,2022
12775,17,1000000.0,2022
12780,25,42950000.0,2022
12781,19,30000000.0,2022
12782,27,2500000.0,2022
12803,23,4400000.0,2022
12804,26,4000000.0,2022
12805,32,2000000.0,2022
12806,31,1500000.0,2022
12807,19,300000.0,2022
12824,24,14000000.0,2022
12825,19,4000000.0,2022
12826,25,3000000.0,2022
12827,21,3000000.0,2022
12828,22,2000000.0,2022
12835,22,37000000.0,2022
12836,20,35000000.0,2022
12837,24,15000000.0,2022
12838,25,7000000.0,2022
12839,22,5000000.0,2022
12840,27,2000000.0,2022
12851,23,2700000.0,2022
12852,29,2300000.0,2022
12853,22,350000.0,2022
12865,25,1600000.0,2022
12866,25,500000.0,2022
12884,29,10000000.0,2022
12885,24,3000000.0,2022
12886,25,2600000.0,2022
12887,22,2000000.0,2022
12888,20,2000000.0,2022
12890,26,300000.0,2022
12894,24,17000000.0,2022
12895,20,8000000.0,2022
12896,26,2000000.0,2022
12897,24,1500000.0,2022
12899,21,50000.0,2022
12923,25,6000000.0,2022
12924,31,2000000.0,2022
12925,29,1000000.0,2022
12933,29,9000000.0,2022
12934,24,500000.0,2022
12935,30,500000.0,2022
12947,19,2200000.0,2022
12948,28,2000000.0,2022
12949,28,1500000.0,2022
12950,22,300000.0,2022
12961,18,11000000.0,2022
12962,22,8000000.0,2022
12963,29,6000000.0,2022
12964,25,6000000.0,2022
12965,23,4000000.0,2022
12966,28,2000000.0,2022
12981,18,6500000.0,2022
12982,18,4700000.0,2022
12983,21,3500000.0,2022
12984,20,3000000.0,2022
12985,23,3000000.0,2022
12986,19,2600000.0,2022
12987,23,1500000.0,2022
12996,22,10000000.0,2022
13022,24,11000000.0,2022
13023,22,7000000.0,2022
13024,20,5500000.0,2022
13025,20,2700000.0,2022
13026,21,1500000.0,2022
13027,24,1500000.0,2022
13037,20,22500000.0,2022
13038,23,10100000.0,2022
13040,25,2000000.0,2022
13041,28,1000000.0,2022
13042,31,500000.0,2022
13043,25,500000.0,2022
13045,28,150000.0,2022
13064,25,1300000.0,2022
13065,27,1000000.0,2022
13076,24,14000000.0,2022
13077,22,5000000.0,2022
13078,28,2000000.0,2022
13079,22,400000.0,2022
13101,24,4099999.9999999995,2022
13102,22,2500000.0,2022
13103,21,2500000.0,2022
13104,22,2000000.0,2022
13105,20,1500000.0,2022
13106,22,600000.0,2022
13107,24,500000.0,2022
13111,22,8000000.0,2022
13112,21,3000000.0,2022
13126,26,300000.0,2022
13137,33,600000.0,2022
13148,25,1750000.0,2022
13165,33,500000.0,2022
13183,24,80000000.0,2023
13184,22,60000000.0,2023
13185,26,50000000.0,2023
13186,20,45000000.0,2023
13187,27,45000000.0,2023
13188,21,28500000.0,2023
13189,22,22000000.0,2023
13190,20,4000000.0,2023
13196,31,90000000.0,2023
13197,30,45000000.0,2023
13198,27,15000000.0,2023
13199,18,15000000.0,2023
13200,30,10000000.0,2023
13201,29,9000000.0,2023
13202,32,8000000.0,2023
13203,22,6500000.0,2023
13204,29,2500000.0,2023
13205,19,1000000.0,2023
13222,20,30000000.0,2023
13223,20,14000000.0,2023
13224,26,7200000.0,2023
13225,19,4500000.0,2023
13226,25,4000000.0,2023
13227,30,3500000.0,2023
13228,21,600000.0,2023
13229,19,100000.0,2023
13233,23,38500000.0,2023
13234,28,25000000.0,2023
13235,23,4040000.0,2023
13248,23,17000000.0,2023
13249,25,13000000.0,2023
13250,25,13000000.0,2023
13251,30,10000000.0,2023
13252,30,8000000.0,2023
13253,26,5000000.0,2023
13254,27,2500000.0,2023
13256,28,1500000.0,2023
13259,26,15000000.0,2023
13260,20,8000000.0,2023
13261,25,8000000.0,2023
13262,29,6300000.0,2023
13263,27,1700000.0,2023
13264,20,1400000.0,2023
13281,22,30000000.0,2023
13282,26,20000000.0,2023
13283,24,15000000.0,2023
13284,22,10000000.0,2023
13285,25,8000000.0,2023
13286,25,45000000.0,2023
13287,25,6000000.0,2023
13288,31,4000000.0,2023
13289,30,3500000.0,2023
13298,23,20000000.0,2023
13299,21,15000000.0,2023
13300,25,15000000.0,2023
13301,21,5400000.0,2023
13302,35,2500000.0,2023
13305,21,60000000.0,2023
13306,19,27000000.0,2023
13307,25,25000000.0,2023
13308,23,12000000.0,2023
13309,27,9000000.0,2023
13310,20,5500000.0,2023
13311,19,3000000.0,2023
13312,28,2000000.0,2023
13327,20,15000000.0,2023
13328,20,6500000.0,2023
13329,20,6000000.0,2023
13330,28,4500000.0,2023
13331,35,200000.0,2023
13334,19,27000000.0,2023
13335,23,11300000.0,2023
13343,30,5000000.0,2023
13344,21,4000000.0,2023
13345,25,3000000.0,2023
13349,22,1000000.0,2023
13352,20,45000000.0,2023
13353,20,30000000.0,2023
13354,24,15000000.0,2023
13355,22,5000000.0,2023
13356,31,4210000.0,2023
13357,21,3500000.0,2023
13358,30,1500000.0,2023
13359,21,1200000.0,2023
13361,24,800000.0,2023
13375,26,3500000.0,2023
13376,23,1900000.0,2023
13377,21,1200000.0,2023
13386,26,5000000.0,2023
13402,24,22500000.0,2023
13403,26,18000000.0,2023
13404,20,2500000.0,2023
13409,24,6000000.0,2023
13410,31,5000000.0,2023
13411,25,5000000.0,2023
13412,19,400000.0,2023
13425,20,8000000.0,2023
13426,22,7500000.0,2023
13427,25,4000000.0,2023
13428,20,1000000.0,2023
13434,24,22500000.0,2023
13435,23,20000000.0,2023
13436,24,8000000.0,2023
13437,24,7500000.0,2023
13438,35,200000.0,2023
13448,23,12000000.0,2023
13449,21,12000000.0,2023
13450,26,12000000.0,2023
13451,29,4600000.0,2023
13452,22,4000000.0,2023
13453,19,2500000.0,2023
13454,22,1900000.0,2023
13458,21,28500000.0,2023
13459,24,12000000.0,2023
13460,21,6500000.0,2023
13461,23,3500000.0,2023
13462,25,2500000.0,2023
13463,25,2000000.0,2023
13464,23,1800000.0,2023
13465,24,1000000.0,2023
13466,23,500000.0,2023
13467,21,500000.0,2023
13468,25,500000.0,2023
13469,24,250000.0,2023
13483,23,4500000.0,2023
13484,28,1300000.0,2023
13485,21,150000.0,2023
13489,20,30000000.0,2023
13490,25,7500000.0,2023
13491,20,250000.0,2023
13501,25,4500000.0,2023
13502,20,3000000.0,2023
13503,25,2500000.0,2023
13504,23,2000000.0,2023
13505,23,1000000.0,2023
13509,20,10000000.0,2023
13510,27,2500000.0,2023
13511,27,700000.0,2023
13525,25,3000000.0,2023
13526,21,500000.0,2023
13535,26,8000000.0,2023
13536,29,600000.0,2023
13550,20,20000000.0,2023
13551,20,13000000.0,2023
13552,20,10000000.0,2023
13553,20,10000000.0,2023
13554,21,3000000.0,2023
13558,28,18000000.0,2023
13559,25,15000000.0,2023
13573,25,5750000.0,2023
13574,26,5500000.0,2023
13575,22,5000000.0,2023
13576,31,5000000.0,2023
13583,25,15000000.0,2023
13584,31,4000000.0,2023
13585,31,2500000.0,2023
13597,21,1500000.0,2023
13598,25,1000000.0,2023
13599,22,400000.0,2023
13622,27,2500000.0,2023
13623,26,1800000.0,2023
13624,24,1200000.0,2023
13625,23,400000.0,2023
13632,22,16000000.0,2023
13633,21,11000000.0,2023
13634,25,1500000.0,2023
13635,24,500000.0,2023
